"id","staker","amount","block","previous_date","new_date","timestamp"
8319,"0xb002e2aDd51B3Dc17f51cC95c3B49C703934D901",1414000000,3458859,1624012095,1626431295,1624468907
6433,"0x99930Fb80543D2c7a7Ead7725B39873031ea7BE1",50000000000,3414629,1624012095,1625221695,1623033995
8525,"0x77d179D9120c7D500fD9D50381E34eE1FD2ee25C",40000000000,3485186,1622802495,1630060095,1625300886
6765,"0xd52AA86678aF8346674097a36b29d3008bE5A77a",1008547703,3434484,1621592895,1625221695,1623675130
2432,"0xaC3D3D613C7A5d093a27864dfa243a4c6229C08D",28810834116,3341582,1620383295,1627640895,1620736929
6547,"0x81658b462404812495D4CA9499D97b2d68bDb756",1753034620,3420932,1621592895,1625221695,1623236177
5691,"0x9F373885888F4D7f9e845c827093A4a3Dd4e7929",402039328994,3366752,1622802495,1648204095,1621540710
5904,"0xf9752AcCAaDA78F10e47Cd3dB2B63D94E14B5ffE",360000000000,3380000,1622802495,1627640895,1621952203
6551,"0xDD68CE2d5018b885B401191f0d0B5fb0D5F774b7",7000000000,3421133,1621592895,1645784895,1623242860
8343,"0xDD84723b21fc823058688f8CE39A6B474e02D0E6",52200000000,3472001,1624012095,1626431295,1624891417
6558,"0x743f45FFC7578f8982313Ac4bcB01e611A376EB5",5000000000,3421362,1621592895,1706264895,1623250518
1286,"0xB719087Ca06c153c6Eb953CCaDF5D405BdC03C8c",21221648000,3331240,1620383295,1627640895,1620419603
9200,"0x9C5366709CA3889c4E4E27693301B456d5213a13",1600000000,3537276,1624012095,1637317695,1626949607
3768,"0x55630EDa9b5701eCE290457DDDb7996B8C5DD3bc",142700000000,3347540,1621592895,1637317695,1620922220
8169,"0x0eCBa7501C4D668a254002140c2378b5b1a518B1",31732927,3447749,1624012095,1626431295,1624104661
5757,"0x33C01E098E436B1AF34A6387675f611EcC16fEE3",18441102289,3371259,1621592895,1627640895,1621683569
8122,"0x1a080616BD00A74b2f57b0dDE488fD4876842daB",25000000000,3441149,1622802495,1627640895,1623894227
5734,"0x0806687bA75A4145778419f0C606b3879a21c0a4",738757645,3369273,1621592895,1627640895,1621621433
1270,"0x5e214545B974853156Ef1a90dB241087eCeF46e1",20332281519,3330699,1620383295,1625221695,1620399814
3752,"0x67611d1607F4C712fB12e2B5e2a855f8Cd8dca1D",528000000000,3346487,1621592895,1628850495,1620889526
725,"0x67611d1607F4C712fB12e2B5e2a855f8Cd8dca1D",528000000000,3321835,1621592895,1630060095,1620133675
6246,"0x7274dFD423b826fB274A8F579062a8a14CDbD381",3000000000,3400022,1622802495,1625221695,1622578829
8530,"0x62637483A5F291D6f2048B8f4ea2dA0F0280eD65",456264216,3485379,1620383295,1628850495,1625306930
147,"0xaD94821279599cf33B13f598c385f85cD98daA8b",10000000000,3267610,1621592895,1627640895,1618457525
388,"0xBE8d7e6eFbD36984884b2E51a86dA8f1Dfe1D391",107033689400,3292038,1619173695,1651832895,1619227294
5495,"0x7678bDe82a8fbdE658244116e9bA77473BB8a86A",53000000000,3357702,1621592895,1626431295,1621244044
6616,"0xa380D05dDD16f2A8fB67CAc535FE0B2E400f0133",40000000000,3426196,1624012095,1628850495,1623409503
2335,"0x332878aa7955102389948828412c2553C7fC6617",5339369832,3336341,1624012095,1714732095,1620577344
3746,"0xe5df77b5c1C541cDA961bAFBdaB2b9FB94831f98",12440000000,3345542,1621592895,1628850495,1620860393
1275,"0xb4af6A4ccF24D3a2Fa3FF854e45c59d13Ab8f10c",1232539030,3330879,1620383295,1627640895,1620407045
8861,"0x08467f8F499B2b44a3D0072b8C03180847A854C4",16483822760,3515992,1622802495,1627640895,1626273592
8141,"0x1fcF4e16CE1f212dae04855fE02DCd74d8e7c993",141242867349,3444716,1624012095,1625221695,1624007844
5695,"0x918c31c58e8F6ED5C06AC09414d810eE57423b0A",11469231585,3366768,1621592895,1648204095,1621541214
6556,"0x45C155D926DF6C2E66B0A3db407587d192AFFff6",5000000000,3421314,1622802495,1625221695,1623248957
9341,"0xBcF2A6D57e9F3BbC6B7b3B6C1d3AdaE1863cC98e",1323153786,3562394,1624012095,1639736895,1627744760
401,"0x02e96cfd2daF1EA22C86C6686FbA28103628f045",3204706328,3294025,1622802495,1646994495,1619287791
686,"0xE7f78FCA43c129010635043903D08806AEB0CdCB",2066600000,3314046,1621592895,1625221695,1619903171
666,"0xE7f78FCA43c129010635043903D08806AEB0CdCB",2066600000,3310956,1621592895,1628850495,1619810316
6608,"0xC30248D966884a2ae1B682AF0Dc9903FFE91720f",1000000000,3424555,1621592895,1625221695,1623356965
150,"0xC6EEd518b74158dddC2BEF7619E4b4E5EF379286",2231798733,3268605,1619173695,1639736895,1618489805
3793,"0xaFC47D6c7A8f5c20b6804B98f357b374d846dbA0",189441640,3349963,1621592895,1627640895,1621001264
530,"0xec8e5C7b2e715439AA0B613649b0465248905dF3",10809401457,3287710,1619173695,1638527295,1619096040
6632,"0xAB65F166635FC971fb0E8Aa9d0204EC21Cb67B80",2503388753,3427825,1622802495,1626431295,1623462125
5869,"0x1B2dAEB7E8Ed2134AD4FFAdbe035074B6C912C72",1250000000,3377695,1621592895,1626431295,1621882718
4777,"0xf6164703079311bC87177115FCeAc63Ac281C394",3200562461,3354372,1621592895,1625221695,1621138404
5756,"0x8d61bED27fB70B7805545b865F58c0238DafbCaB",122603806,3371033,1621592895,1632479295,1621676977
2393,"0xfc3ef672B2cD0658d774F5fF1346eBD24b213afa",1000000000,3341418,1621592895,1625221695,1620732033
129,"0x6d32B62cC6435Da223837414eD39507BAe58Cbae",102711585866,3266099,1622802495,1648204095,1618406531
1029,"0x87Db38f66eD01050E638AA1E23407Be6b6FcaD45",40000000000,3309604,1619173695,1646994495,1619769864
8145,"0x1afd7f558A2383F36138e53cC6dd64Bacc2b73F6",30000000000,3445196,1624012095,1642156095,1624023809
608,"0x436Ddb682545A78028C67C661CC87b77e2Ec7805",80000000,3300334,1620383295,1640946495,1619482576
6420,"0xBd312E40d629C631095764C13bADEFFbE7A01235",12000000000,3411905,1624012095,1632479295,1622951046
2446,"0x461d382B594b09B1A740F6264fE939f79b5e8deE",1700000000,3342190,1621592895,1625221695,1620755526
6566,"0x3028e0653ff6A08e93B594F1C99652feF548e0ad",2400000000,3421849,1624012095,1625221695,1623267753
6251,"0x3cC75a5C018Df322f270b868460eE3bFf2118983",2393735704,3400491,1624012095,1653042495,1622594106
5735,"0x4f8EbB9A9e347054B22fD4E8D3b4F3092B9362E7",102711585866,3369351,1621592895,1625221695,1621623849
101,"0x459b6ef18F6a44bE23FAE0B81D040EB0C804ac98",21951263352,3264361,1620383295,1631269695,1618348023
2438,"0x63E7f6fe73FA76c0cC9F109a39A9f2237E8C1c47",5936628450,3341783,1624012095,1625221695,1620742546
5527,"0xA97E3D39843c3454A4EC576165d6Ec1D9EF5E1bB",28367188337,3361774,1622802495,1630060095,1621373662
8595,"0xd7E062D512DB46b514239b443AF6BFD80F475a3a",104076793076,3493250,1624012095,1626431295,1625555868
6250,"0xb43AAdAD4f12eebC8953A9Bf9ad8bb4e00C6428A",11977799807,3400242,1622802495,1627640895,1622586012
6458,"0xeA5EE88F918456066bE1B44f6e51E5fe612B37A2",1000000000,3417841,1624012095,1625221695,1623137105
9973,"0xC52e1488e6d13f398C530E0A52A24AC0f5f3D47b",1098898730,3588984,1624012095,1634898495,1628582191
9171,"0x48D7b3659c1F93562205c97D784FCD13Ea940499",227663106,3533152,1621592895,1631269695,1626818314
1746,"0x9aF2209C2297De77aF9c1B303E5515ca22cf6E41",5000000000,3332738,1620383295,1627640895,1620465251
9975,"0x6C536F49e8056a2664D2ed1A677Ae6E0077EC190",1182765671852,3589680,1624012095,1644575295,1628603847
6388,"0x88122D927057F27c971B15661Ddf409753EeccaC",11800000000,3407744,1624012095,1625221695,1622822549
6773,"0xf24f4A64A8dCe5EA20681bfE6B55ccb93E56A849",200174348,3434847,1622802495,1630060095,1623687621
5536,"0x3FD5AB08072d132D5aBa132a272896ce844B131a",671298118,3363358,1621592895,1625221695,1621425697
129,"0x6d32B62cC6435Da223837414eD39507BAe58Cbae",32200000000,3266099,1622802495,1648204095,1618406531
779,"0x24ec8d16d32532a224c021452a05cB58d819a71c",48237102323,3322717,1620383295,1625221695,1620159621
6444,"0x2C0C369f3bE4fC368f35E6Ca6fE1B969b292Bef1",15000000000,3416071,1622802495,1630060095,1623080112
1278,"0x63b68919A474e9E9633FcCE41c4aeF18A5e2B3ad",40000000000,3331076,1620383295,1626431295,1620414160
6635,"0xe840B3E844b36186513220A3E5BF30cFA73001Ca",140000000,3429302,1622802495,1625221695,1623509297
408,"0xd3c045C4E0428a0593AD3cf10576a16d21ef7c0f",52700000000,3295714,1619173695,1628850495,1619340017
8184,"0xE08B1D81bfD76705F231038bC50D51471fea9d46",2000000000,3451343,1624012095,1626431295,1624221748
6764,"0xCf3E7C19671e450DA97CCd3AeF45827c01678205",1008691103,3434480,1621592895,1625221695,1623674971
8335,"0x8DD8AAc24Fd5775A882089cd4b0Dd0fd8960e728",408071702,3468094,1624012095,1631269695,1624766652
8787,"0x90f8e932E5AE5CB61BA2dAb801aC160d54F3Fe4B",13100000000,3499753,1622802495,1631269695,1625760420
6624,"0xDD8A92B5c5E33B9659D5FE0e79D999faDAE9b2e3",25559739594,3426471,1624012095,1642156095,1623418457
8534,"0xcEd29BA48490C51E4348e654C313AC97762beCCC",30000000000,3486513,1622802495,1630060095,1625342446
1252,"0x37E8d618D0de446f9e2D68511db1f9a6703705C2",1282721857,3330319,1620383295,1627640895,1620387631
2356,"0x564ec007063805350818bFd02BE23e1830A5a38c",11058545425,3339528,1622802495,1625221695,1620674065
6596,"0x564ec007063805350818bFd02BE23e1830A5a38c",11058545425,3423808,1622802495,1626431295,1623332191
6386,"0xC8Bf4f837DC2ab91362B5a43D0B89c58539E783A",2413851065,3407591,1622802495,1706264895,1622817656
6467,"0x1e4E7c29462e3dC4a6F565FDbefAD203F1c70243",2061312096,3418661,1622802495,1627640895,1623163689
147,"0xaD94821279599cf33B13f598c385f85cD98daA8b",8000000000,3267610,1621592895,1627640895,1618457525
8332,"0xC52557D5C3801b5ACb37a05EC179E120f03314F7",82116243,3467198,1624012095,1630060095,1624738411
9978,"0x32c886D2D90019cC8929ea53EAFDE5cECE5e1494",399949386078,3589710,1624012095,1644575295,1628604783
4788,"0xE3ED33110360CD957592f8251902ef5dE78d0553",5109892689,3358114,1622802495,1634898495,1621256260
6583,"0x93DaA900b36937b86c7f1653a580C67FBe4D66FA",1004716242,3421621,1624012095,1633688895,1623259747
3763,"0xB89e15F8079B6d7344c453380d1FBa17EDbb5886",100000000000,3347023,1620383295,1625221695,1620906425
360,"0x0EC1B71F056De130613397AE6680617f1d252Ccd",8576556566,3290265,1620383295,1627640895,1619174195
5891,"0x85e4CD6442702B9B84392091a8FaEB73815E501B",87043628230,3378487,1621592895,1667557695,1621907370
10028,"0x72b572eE3b0825b2b08B4c7a4744138BaF8C9746",5000000000,3602443,1622802495,1632479295,1629004278
1162,"0x8D13FdAF3aF04693655B8D429B2d81823Fb486eE",475600005541,3327424,1620383295,1625221695,1620300032
2486,"0x0b219d368d0b8fe6b44fADcc43eE3B43c51Ba3D9",120166033,3342802,1624012095,1625221695,1620774275
1169,"0x6C9ac10846E460ab353CEb6FC5db3e7eC8b8913b",80000000000,3327722,1620383295,1625221695,1620309371
6318,"0x0d68F5776674af338690183a88F9E34c8C063a15",32316921401,3399753,1622802495,1625221695,1622569376
6388,"0x88122D927057F27c971B15661Ddf409753EeccaC",11800000000,3407744,1624012095,1625221695,1622822549
3766,"0x0EC1B71F056De130613397AE6680617f1d252Ccd",10000000000,3347152,1622802495,1627640895,1620910310
6206,"0x3dd546e60456Cc06d51687DAd722A734B73C0bee",18256524252,3396323,1621592895,1625221695,1622460489
3752,"0x67611d1607F4C712fB12e2B5e2a855f8Cd8dca1D",92000000000,3346487,1621592895,1628850495,1620889526
725,"0x67611d1607F4C712fB12e2B5e2a855f8Cd8dca1D",92000000000,3321835,1621592895,1630060095,1620133675
8345,"0xdA9b355dCE6C399A160Eb76e3F472320FB77C1d2",102700000000,3473329,1620383295,1628850495,1624932602
4496,"0xcc936984596af4F39d098Ed38c2A7df308f46578",500000000,3353299,1621592895,1655461695,1621105186
5752,"0x1a811e557530e1e8fEAE17CaFD96052C577a1940",1008932923,3370888,1621592895,1627640895,1621672984
1249,"0xe59879ad32F07053B76A95cd4Fbff636520c4C45",50000000000,3330269,1620383295,1625221695,1620386046
8861,"0x08467f8F499B2b44a3D0072b8C03180847A854C4",20000000000,3515992,1622802495,1627640895,1626273592
6239,"0x4754569E50baA9ce6a53E661058E1D4622f76313",1559216811,3399559,1621592895,1680863295,1622562835
1740,"0xF8f4051abCf1e8a18263c6989457bc6F3c8409C5",17452691043,3332600,1620383295,1630060095,1620460665
664,"0x3A9F347DCC2d8E9Ebeee21e74ac7f03abE6b53E3",394557793,3310879,1619173695,1626431295,1619807931
8719,"0x106D5bcD38f25e584150E1915687675C36D28eA8",13537633525,3478154,1624012095,1630060095,1625083616
158,"0x81bcA173e3af097dccAbbcEF20ce213Ca20a5953",142711585866,3272048,1624012095,1637317695,1618603752
2336,"0x51baE886bAc73A8B2B8D71DC9090573ddB6f0760",5658732859,3336347,1620383295,1640946495,1620577492
8336,"0x93c4fABaF08cCc0AB7718f17300CE65Ef85413AF",299591040,3469009,1624012095,1628850495,1624795747
9840,"0x0877acafd6362938B38a7b28a6f8F5121e51E791",10477210241,3570138,1622802495,1631269695,1627990518
6471,"0x94F4a008074e4b1fB499175d04263acdB81aB797",150000000000,3419158,1622802495,1625221695,1623179085
5788,"0x75fB18158fe867958e24DD16a22d94a1Bb58c0bA",1000000000,3375761,1621592895,1640946495,1621823015
360,"0x0EC1B71F056De130613397AE6680617f1d252Ccd",10000000000,3290265,1620383295,1627640895,1619174195
8064,"0x89C56adfd2f193e5a5c9534BA6E82B9575957338",87411352,3439338,1624012095,1627640895,1623834271
2385,"0x05D3dB5BCbea4A44c5e93D1B9CFfDD38d681796D",949976718,3341180,1620383295,1632479295,1620724341
163,"0x52288335eEb0975a03256b1EaCa8B2f6ed7f8AEB",2193484965,3274345,1621592895,1680863295,1618675889
1751,"0xF2a3C997AAD0AE797Ed21842941bf9F4a9688066",59556000000,3332955,1624012095,1625221695,1620472768
5711,"0xdc9b170f596Fb1A183B3A1F31D1b074d33218381",10916338386,3368030,1621592895,1627640895,1621581671
29,"0xAC988B93303bdB8b16B4971b089a36bDB2F6e127",51355792933,3257988,1617964095,1640946495,1618140220
288,"0xdC9099ca9A881a5fBb046Ce33308a931DC57bad8",1020197787,3279515,1619173695,1639736895,1618839104
6687,"0x2882d1fc6BA61656CC2943CdCEF981B85913Ee0c",708189474,3428201,1624012095,1640946495,1623474367
8041,"0x732eae5C88E2E637F11175E9CDecd36F94C5193d",39000000000,3435345,1624012095,1625221695,1623704784
8836,"0x8CB3D1e9ba08D258eC4E80d4A2Bc815e0b07e3F2",102711585800,3514302,1621592895,1637317695,1626219712
5781,"0x7FeA38C923acDf2075a3A9ae9f40888EC3C05A59",102616741988,3374905,1621592895,1625221695,1621796765
1741,"0xE3aAc2D88a8E32b66Adb3778fb4c869C4aF5d790",750000000,3332601,1620383295,1642156095,1620460695
6408,"0xef39Ca43fCE490064E1A150D02De4184Ecc74Dc9",100000000,3409566,1622802495,1626431295,1622879391
778,"0xC51a9a0D8698E64e553e8C4fC021AcF451bD01DE",10926216767,3322713,1620383295,1625221695,1620159482
6562,"0x494DdccdB1E125683dA4C9a78dC6C2EFD1895bD8",180148150,3421616,1624012095,1628850495,1623259535
6635,"0xe840B3E844b36186513220A3E5BF30cFA73001Ca",726677861,3429302,1622802495,1625221695,1623509297
143,"0xB974e45153D940d5AAA45f39a1d7b421e0f88B0A",51113742810,3266632,1624012095,1650623295,1618424991
5824,"0xEd878594b9E18D8C184AcB3aCb1812766C4E922c",3000000861,3376781,1622802495,1625221695,1621855096
5524,"0x46147345F362D5BB277334f63FB9F9F342a4c8ed",15978791033,3361201,1622802495,1630060095,1621355044
6417,"0x57F62D73E8109A70fa1f9439cA0D9dC0c1eB1E59",20000000000,3410983,1622802495,1625221695,1622922841
1782,"0xa5d0D51671645b1509A29bDD4A282940a6dE8E76",10000000000,3334952,1621592895,1705055295,1620535345
5592,"0xa534f5FDe23872DBf19b66b0e6A9773af3D5Fff4",6720017173,3365594,1621592895,1638527295,1621503664
5771,"0x5B395b4253915263E9810d4ED80e08b261622c28",10000000000,3373160,1624012095,1627640895,1621741057
5892,"0x4098EcD3d1682E9bBd925F49229bDb8594f42F6a",1595048704,3378880,1621592895,1628850495,1621918865
9327,"0x6B10E7ef8C3eD64F4C7FaB67d009A7d2a7F31aEE",7500000000,3559350,1621592895,1630060095,1627647772
8530,"0x62637483A5F291D6f2048B8f4ea2dA0F0280eD65",3000000000,3485379,1620383295,1628850495,1625306930
8136,"0xD0Aa804ddE4315Da2ed244EA5FB3E1767D5008bC",4930156121,3444229,1624012095,1631269695,1623992452
1283,"0x1A449c930fcAfaeB3b7dA5fA6BE7694D38eDeeeF",11636796761,3331232,1620383295,1640946495,1620419365
5869,"0x1B2dAEB7E8Ed2134AD4FFAdbe035074B6C912C72",636902284,3377695,1621592895,1626431295,1621882718
8509,"0x78e50A27114d5538C44cfEB8b5B1d6909441b301",12946729334,3478381,1622802495,1628850495,1625090555
5720,"0xA9F3830D57906C78EB5Da90bD8EB442b041aD1aE",100000000,3368181,1621592895,1707474495,1621586670
8087,"0x0b2718935dCd4525c51DA8B0f0Ca58aC90aF345e",2058970280,3440327,1622802495,1625221695,1623868331
5571,"0x89C56adfd2f193e5a5c9534BA6E82B9575957338",35600000000,3364089,1621592895,1630060095,1621451482
5694,"0x7557ceC42700B1f5a7173B63cBb4EFA5E4E3865b",11387959820,3366764,1621592895,1648204095,1621541053
5883,"0x49b539489B7e3DA4B437fa608bd89D25AEa82E00",724221689,3378111,1621592895,1625221695,1621895705
2356,"0x564ec007063805350818bFd02BE23e1830A5a38c",520286453,3339528,1622802495,1625221695,1620674065
6596,"0x564ec007063805350818bFd02BE23e1830A5a38c",520286453,3423808,1622802495,1626431295,1623332191
2369,"0x2648Ade1A4a86B960dbA7D2BEa1CcD7E3654FC39",13993307815,3340186,1622802495,1651832895,1620693285
3790,"0x050e4e12B409a13ABF2CD2CFd8a4db6759A4b59f",42599105822,3349873,1621592895,1625221695,1620998364
8972,"0x228E88A37a5c1A5451679F0eb355C758E677E820",1000000000,3521765,1621592895,1631269695,1626455343
3796,"0xe99e48a4F8e383bD0903030A0545d63a6f34AcC0",4048016533,3350213,1621592895,1625221695,1621009469
6758,"0x0B8C3C8a60873224fC13738BfCD1ef03c2842206",1000000000,3434057,1622802495,1625221695,1623661293
9227,"0xA570ca3BbE2CD3Bc3190DF0E62235B31A18D5724",3342620096,3543112,1624012095,1634898495,1627135582
394,"0xdC5d3DBF92aF83F9C0081e0D543d673cC5d84354",3000000000,3293487,1620383295,1627640895,1619271661
3786,"0x29BDDb05279b4b89B8E34d52e1048E6dDC21646C",8500000000,3349476,1624012095,1625221695,1620985313
6388,"0x88122D927057F27c971B15661Ddf409753EeccaC",11800000000,3407744,1624012095,1625221695,1622822549
5845,"0x60e87605958995347415b1fA56Ac9703b857D67e",767706935,3376827,1619173695,1646994495,1621856603
5599,"0x452eEF5b538e3FEd4fCa31326678a0a51e0E335D",10061939495,3365812,1621592895,1628850495,1621511062
5614,"0xDFf2C49A9eA232ed39DE25Ed23eDD242CaBc959C",3453891866,3366137,1620383295,1632479295,1621521784
6253,"0xAE30d834bE2Dc2f67d809DDe43eeEc346BbA892a",12055792933,3400963,1622802495,1638527295,1622609086
5908,"0xc4C31FA3Db9fE8817c8a8Dd429622Bb0abA3c1A4",13695066100,3380128,1621592895,1627640895,1621956208
317,"0x00537a7aEaF33b66f8BA73De66512a10F50C1239",10271158586,3284510,1619173695,1640946495,1618996115
3766,"0x0EC1B71F056De130613397AE6680617f1d252Ccd",10000000000,3347152,1622802495,1627640895,1620910310
5590,"0x8FeBB77242f57e259666F777fDBC2485cd5455Af",174263344,3365320,1621592895,1640946495,1621494574
1269,"0xbbACcEaf5525C9e709ebC52B6D522EE02930Bb4C",2000000000,3330683,1620383295,1627640895,1620399402
5570,"0x1AcFD404Af3Ba8DFe4fD6Abe1B3918F3de7733c6",311998990,3364007,1621592895,1640946495,1621448693
7264,"0xc27f793dDEDB2F79F74a86f68622c4Bc168cBd1D",17600000000,3434932,1624012095,1628850495,1623690653
2362,"0x72574f1767C5B6730be391d6328e7aA617C4e7D7",2555910552,3339677,1622802495,1630060095,1620678202
5771,"0x5B395b4253915263E9810d4ED80e08b261622c28",92700000000,3373160,1624012095,1627640895,1621741057
5,"0x4c9B6E9224b47AfE2aEBdfBc6CC908f4e1EB9c0a",472470600000,3253178,1620383295,1632479295,1617986161
6487,"0x1Be69b92B5Eae4541018522F2b839E965e012dA5",31265766192,3419822,1624012095,1707474495,1623199675
403,"0x486309D2e876Ed0ffa5978613A0Aae997829F413",20367067826,3294029,1622802495,1633688895,1619287882
8320,"0xDD9Db2bbd969aDB245Ea734e0A2352a7bFc83E93",3370912051,3460787,1624012095,1630060095,1624531388
6749,"0x8bCeF13C3195C59Ee104625EC66d54C93B8EEF61",409745,3432837,1622802495,1640946495,1623623467
6458,"0xeA5EE88F918456066bE1B44f6e51E5fe612B37A2",7656852320,3417841,1624012095,1625221695,1623137105
8087,"0x0b2718935dCd4525c51DA8B0f0Ca58aC90aF345e",2058970280,3440327,1622802495,1625221695,1623868331
382,"0x0743C080AB509B7F2643db1FDCd591e0d6051DAa",102599763763,3291175,1619173695,1640946495,1619201229
6622,"0x987Be2c81f3E0017188fE44F504598734D2757DD",11255588537,3426330,1624012095,1637317695,1623414086
5876,"0x8a463ED9F43Af67A72fb417bFB2C4047CA6a855b",351757754,3377917,1621592895,1625221695,1621889664
4788,"0xE3ED33110360CD957592f8251902ef5dE78d0553",4082481124,3358114,1622802495,1634898495,1621256260
8207,"0x061f6292A655c031c6D712BC5A02Ea446c85C369",1000000000,3456731,1621592895,1633688895,1624399452
8185,"0x9aFF40C180Cdc39080bf1DB6bC34F6dBE46E73Ed",14500000000,3452105,1624012095,1626431295,1624245721
6621,"0xbA26099e1d818C6793c35D2864f23bEEEa6520e0",1000000000,3426292,1624012095,1625221695,1623412737
8142,"0x272e645B0860EAb19466Fa554Df60cFB865076d9",2872500000,3444795,1622802495,1626431295,1624010336
6632,"0xAB65F166635FC971fb0E8Aa9d0204EC21Cb67B80",625847188,3427825,1622802495,1626431295,1623462125
9967,"0x05eb2559fA3760748428209742bf3b0C12411d8D",817535098,3587203,1624012095,1638527295,1628527296
8337,"0xaa3C2fFDE0A2EAD16cd17DD820Aa0cF4A5a308CD",901834993,3469302,1624012095,1630060095,1624805286
2391,"0x734485427F887CdD1b7dC0E4E73CA9D09A85d7Af",28400000000,3341404,1624012095,1630060095,1620731625
317,"0x00537a7aEaF33b66f8BA73De66512a10F50C1239",92440427280,3284510,1619173695,1640946495,1618996115
5849,"0x6bd755dc0d5f8d3740B705b76d63074a4cef1B95",6200003479,3376935,1620383295,1672396095,1621859686
8043,"0x3c258c12e05b9d49b81D01cFdA68a36F9635f3F1",1200000000,3435352,1622802495,1627640895,1623705060
627,"0x89C56adfd2f193e5a5c9534BA6E82B9575957338",124862917441,3304215,1619173695,1627640895,1619599584
5958,"0xd4c4Acb86327886D26cBB77BE4772F4CFD8676ed",300000000,3385841,1622802495,1625221695,1622135430
8141,"0x1fcF4e16CE1f212dae04855fE02DCd74d8e7c993",40000000000,3444716,1624012095,1625221695,1624007844
5739,"0x85122291330859D6F61e84FD5aD9D506979712Cb",547254764,3369631,1621592895,1625221695,1621633324
6473,"0xC0F9e8De7cE5ad40979de08b6b746BA47Ca608cC",500000000,3419182,1621592895,1706264895,1623179989
5500,"0x3298492EE2689911866EBb01A1774DB060ad6A7C",202100000000,3360753,1624012095,1631269695,1621340464
6102,"0x6ABC650F6c543A7a802aF6483c3e7A36E618FF99",94162857,3377689,1622802495,1642156095,1621882527
2419,"0x140CEe91461cCd2E0c8EAAe1580f9C0c5438511C",2000000000,3341484,1621592895,1636108095,1620734079
4777,"0xf6164703079311bC87177115FCeAc63Ac281C394",9425000000,3354372,1621592895,1625221695,1621138404
5939,"0x296E220fb6ddc7Ae946CC4876065b658Fb843921",2146500000,3383589,1622802495,1632479295,1622064365
5732,"0x176203E3dd900f3D0D415bf86A292EDA9Ca0CF1C",78661669218,3369118,1622802495,1625221695,1621616843
8596,"0x2018767F3F3e9794282fE622147D1138BCCDdf7f",40602096,3493374,1621592895,1630060095,1625559833
8072,"0x8C460Ea1fFC2E494f44B65535DfFd0C7159128Fa",1000000000,3436388,1624012095,1706264895,1623739088
8183,"0x590d8B25c6e21CAf757B0A01078e7eab8e9b8cBD",2586712434,3451190,1622802495,1626431295,1624216656
5520,"0xB4c3Da2873A9fdb77Ddb66C11a0bF26931BcCb14",3287879754,3361071,1624012095,1632479295,1621351133
8194,"0xfaC774800ADE7bFA859f7ec7CCe6B5f831cEc024",20000000000,3453016,1624012095,1626431295,1624276691
6286,"0x83A4f43CF62ff85A0EEb19763a3c0F9b9906fa2a",25677896466,3404674,1622802495,1625221695,1622728044
6149,"0x313672f0Be39110a87592174202cD751386dAeea",102123099835,3381816,1620383295,1626431295,1622009477
6621,"0xbA26099e1d818C6793c35D2864f23bEEEa6520e0",35000000000,3426292,1624012095,1625221695,1623412737
6464,"0x768c3C340aa5f0DE946647391FFf30A3D1f5DEcF",100000000000,3418014,1622802495,1625221695,1623142647
6406,"0x7f4580308D6C02cd1731d8b2D4E91bE9a83AED45",9000000000,3409368,1622802495,1626431295,1622873414
8022,"0xDb2174a50896b091616fC34ca9c84453bDBdFD24",1000000000,3434477,1621592895,1625221695,1623674855
7,"0x74Ec3f1a9Ed462869F1c322370Ba288c60Ce9f5c",8216926869,3253367,1620383295,1627640895,1617992083
7877,"0xFC69C8446fb883134E7077b88519d0118F014864",40000000000,3411871,1624012095,1632479295,1622949949
5873,"0x6Cd33D7653D8BcC657640C7E06Be8602BD7b2266",70000000000,3377863,1622802495,1630060095,1621887941
6258,"0x01B5FceFa2fD6bA0B569781B3dc3B2989D5249fC",105000777,3401625,1621592895,1636108095,1622630759
82,"0xaD94821279599cf33B13f598c385f85cD98daA8b",8000000000,3265071,1622802495,1628850495,1618371783
1267,"0xFE172B1DC4BE8683b9800Eda185a624031B16fC7",9000000000,3330662,1620383295,1625221695,1620398712
5926,"0x5919e30D3FbfcC9e124FD45c578AeFa85FDDCE2c",1000000000,3382344,1622802495,1705055295,1622026325
161,"0xb8BcbE15e8072f7eAd23970BB64B6E241aCe57C9",1183455728,3273416,1620383295,1642156095,1618647014
155,"0x4789AA0649B0ee6bC5b593Dbdec63CC5789242E3",10725847370,3271411,1624012095,1632479295,1618583150
8153,"0x4574b835024f9b159a7FaB6C64a03A1fe885Fbf3",100591352,3445421,1624012095,1627640895,1624031509
6492,"0xBc03ef097Deb76C88149720a2a477f67427Bc6d2",100000000,3420595,1621592895,1625221695,1623224891
5986,"0x5a1DA96226F12EbA1dbf6645d14021D0424dDF85",32027789097,3387574,1620383295,1628850495,1622189548
5998,"0xCE5Db5cb0B58F08261D1736C150d9e51248daA4C",6338100329,3391841,1624012095,1644575295,1622320762
5751,"0xdC5d3DBF92aF83F9C0081e0D543d673cC5d84354",4404820300,3370878,1621592895,1627640895,1621672532
686,"0xE7f78FCA43c129010635043903D08806AEB0CdCB",417445000,3314046,1621592895,1625221695,1619903171
666,"0xE7f78FCA43c129010635043903D08806AEB0CdCB",417445000,3310956,1621592895,1628850495,1619810316
6210,"0x1B78B963DdE00a7E3b7b3782BA42037E7378f21A",14887140206,3396670,1621592895,1625221695,1622470968
361,"0x0EC1B71F056De130613397AE6680617f1d252Ccd",10000000000,3290269,1621592895,1627640895,1619174340
1871,"0x5c0960f6f429f45864cf7b1526C6E54AB017F12A",17974527526,3338796,1624012095,1653042495,1620651726
394,"0xdC5d3DBF92aF83F9C0081e0D543d673cC5d84354",15113331963,3293487,1620383295,1627640895,1619271661
1255,"0x5BF57F8a9E1FDB554d65331cac55b1c9B24Bba11",10000000000,3330335,1620383295,1639736895,1620388082
5940,"0x6600B6fEe47654DC3558E1B5618535E53882fcb7",46646002054,3383589,1622802495,1632479295,1622064365
6771,"0x5Bc102D81dB4306a712fF516bb18277d48D6d333",603195827,3434494,1622802495,1630060095,1623675588
6249,"0xb43AAdAD4f12eebC8953A9Bf9ad8bb4e00C6428A",11303077290,3400239,1621592895,1627640895,1622585908
6767,"0x787cbceA790a96DB208798bdc1f1B9b6417B69BD",1000000000,3434488,1621592895,1625221695,1623675241
646,"0x8FcDe195A7B32BA1D5C0e5D3a5D8Bdb9425c6d58",102700000000,3309789,1621592895,1631269695,1619775544
9094,"0xfa2Fa8447E8be110B9d71103c658E5cF181741CC",4668634443,3530119,1624012095,1639736895,1626718240
608,"0x436Ddb682545A78028C67C661CC87b77e2Ec7805",100000000,3300334,1620383295,1640946495,1619482576
5784,"0xda77a5ac1Bc424d89Aec3ec5581C71A0F578D5cF",15055298368,3374983,1624012095,1705055295,1621799406
6436,"0x187e202e311Ab27175442be9aF0B953F23b9eDdA",45677896466,3415423,1624012095,1625221695,1623058396
1177,"0x1d5988a544db4639D36A455Ae411bB219FDD84bf",2500000000,3328341,1620383295,1700216895,1620328578
349,"0x1bb895f79447bee44Ee89498aA15eCD23d2e4A7C",2864136787,3288606,1619173695,1637317695,1619123187
1191,"0x5caFfb83946156a39B258AaED3727edB1D53297f",6623986640,3329306,1624012095,1626431295,1620357358
5895,"0x018f9e9e09d8A3e817128882Eaaf9a0d3BB24054",526832855,3379133,1620383295,1634898495,1621926305
5818,"0xBAa3202280ce0cd232aF41d563Ef10deD172216f",6000000000,3376751,1621592895,1625221695,1621854114
8592,"0x23b545B60A1FA74C7f361Fab40C352ca92281F1c",1562270254,3492275,1622802495,1705055295,1625526197
689,"0xce32aC9f8e75714c0F0eDCb5cfD2591C7380938b",5000000000,3314199,1619173695,1640946495,1619907451
10032,"0x456f188BdE5F9F726e2Bee2ada41058C83BD4894",1700000000,3602990,1624012095,1633688895,1629021424
1189,"0x78DDFC19885863Af67088ca5D3A190295E04558b",17487492000,3329114,1620383295,1627640895,1620351443
2404,"0x535a521401a24846187C3AF03A67C03B48025832",300000000,3341456,1621592895,1625221695,1620733198
3761,"0xdA8f46C5f3f37e2A71E359Db2383E72e72Fdd15f",2209885418,3346919,1624012095,1639736895,1620902776
6762,"0x21a2A1CeB744565e17D134d46dD825e9BDd25011",1000000000,3434468,1621592895,1625221695,1623674568
2063,"0x90b956D2A705F8BF79a70DEF26cA1eb8863FC4d0",30000000000,3339179,1621592895,1626431295,1620663834
6420,"0xBd312E40d629C631095764C13bADEFFbE7A01235",12000000000,3411905,1624012095,1632479295,1622951046
6418,"0x9D6cD9D45125BBd205dA5227EB18F3C3374CA07f",11916703471,3411336,1622802495,1631269695,1622933434
6491,"0x1dC122dB61D53A8E088d63Af743F4D4c713e8A20",456203909,3420488,1624012095,1625221695,1623221444
1750,"0xb496502436A346B8d292fd311D7D5D96E3C87946",2551250602,3332897,1620383295,1639736895,1620470923
6202,"0x7678bDe82a8fbdE658244116e9bA77473BB8a86A",40000000000,3395258,1622802495,1627640895,1622426345
5706,"0xc6d37AEdfEec795FF31a02012aa7E3a05Da9a9b1",720227879,3367664,1622802495,1707474495,1621569935
6461,"0x0Fc1F690EA0ff6949bD8f4F411eC51ef7b58D29e",14400000000,3417956,1621592895,1701426495,1623140776
8806,"0xcac29C4A493d1198B0287cb207Ef3b224bC68f30",21802579649,3504023,1624012095,1630060095,1625893921
10317,"0xEB473B5e6D607afF39238304B4Dba169783c9101",80000000000,3622764,1620383295,1637317695,1629636870
6372,"0x6D002E4a3B04fb275a52A28b286B2AeCd1cd53Bc",19000000000,3406999,1622802495,1637317695,1622799435
8093,"0x9a2aa0c1156eC9f010548a9b2BfC33f692392b09",10000000000,3441190,1624012095,1630060095,1623895561
9199,"0x9C5366709CA3889c4E4E27693301B456d5213a13",400000000,3537273,1622802495,1636108095,1626949500
1783,"0xD21C9836211ed19E97A5b7be564e8F81Ec77e740",102000000000,3335065,1621592895,1625221695,1620538914
5987,"0x58039818B69DdA1648D233D0329D9105FCDC7F5d",2000000000,3388285,1622802495,1627640895,1622211539
8344,"0x5320E3e2a5A8061fe451d4243eBD716040Ae54e0",14329600000,3472398,1624012095,1627640895,1624903677
6426,"0x41B98E8a2a208Be3eBB2c94A585EC8D1A6a0aADE",900000000,3413340,1622802495,1630060095,1622995090
141,"0x2E45566D1e1824566b045896807518e08b50fD90",1344375715,3266552,1624012095,1649413695,1618421899
4777,"0xf6164703079311bC87177115FCeAc63Ac281C394",10000000000,3354372,1621592895,1625221695,1621138404
532,"0xaD94821279599cf33B13f598c385f85cD98daA8b",10000000000,3287883,1620383295,1625221695,1619101046
1761,"0xe42FC3F7a0828ECEBd3808270a99E06556572C4B",5398623664,3333637,1619173695,1627640895,1620494889
7877,"0xFC69C8446fb883134E7077b88519d0118F014864",40000000000,3411871,1624012095,1632479295,1622949949
8526,"0x85122291330859D6F61e84FD5aD9D506979712Cb",500000000,3485334,1624012095,1627640895,1625305433
6371,"0xfBEc227804F9c1E9494E9Fd10D97bDb4E13852c4",102557518488,3406844,1617964095,1628850495,1622794451
8533,"0xfd88C1C6B3562f74b72229e076F991cE5Fec630A",186305593,3485962,1624012095,1630060095,1625325199
9253,"0x6248BAf0e604D0c10d761ce1eEef600aC39dB0e7",75320966848,3551251,1624012095,1628850495,1627393610
6457,"0x09D880a90b9c0d218bF53e888E12668D6490AA92",42800534100,3416784,1622802495,1625221695,1623103392
1135,"0x1ef47d1853C7Be7E4d6cce8db451E5FF5eF191c6",95889983,3325355,1620383295,1627640895,1620237809
3724,"0xd6fD02aC334588b97852Aa5a4593172472ad96A4",34400000000,3342612,1620383295,1627640895,1620768653
6343,"0xc3D0953B9456fAa6BD9A659244EBA06ABF3BBdFb",300000000,3402518,1622802495,1651832895,1622659746
408,"0xd3c045C4E0428a0593AD3cf10576a16d21ef7c0f",83000000000,3295714,1619173695,1628850495,1619340017
5571,"0x89C56adfd2f193e5a5c9534BA6E82B9575957338",124800000000,3364089,1621592895,1630060095,1621451482
141,"0x2E45566D1e1824566b045896807518e08b50fD90",116288950,3266552,1624012095,1649413695,1618421899
5932,"0x7D2654Fc56d2dDB0836c45df85CA561588a248e1",45000000000,3382628,1622802495,1625221695,1622034817
720,"0x08c4076A84AD68fD1b33ABF0e235bfBb1a881e0e",6108714014,3320978,1620383295,1627640895,1620108401
2399,"0xC041a3786ca11CE4EA7384D5ac9D5DCCfa7a33Fc",500000000,3341447,1621592895,1625221695,1620732952
2358,"0x3028e0653ff6A08e93B594F1C99652feF548e0ad",5100000000,3339561,1621592895,1625221695,1620674892
3096,"0xeE4c633368f1fDbC0Be5845C32Dd592C40368bb0",4500000000,3343457,1620383295,1631269695,1620794051
1157,"0x25EbBB75d72a2a72de5B6d2E4f2BEa413EC0BeD1",51099013968,3326963,1620383295,1648204095,1620285809
1976,"0x41051aA6BE8591F0bECF8F8c3CbD3FEB15b1571E",909857163,3339092,1624012095,1626431295,1620661335
6460,"0xfcc34cB29FF87186ec256a1550Eb8c06dF6d8199",102711500000,3417933,1624012095,1631269695,1623140076
4777,"0xf6164703079311bC87177115FCeAc63Ac281C394",1022503761,3354372,1621592895,1625221695,1621138404
6430,"0x69c17496d389f6F4478CA280afb11f2FD16e285a",102711585866,3413961,1622802495,1627640895,1623014095
6384,"0xf6D07C3c18d05B80c140ED35e80a67667e87b606",50000000000,3407549,1622802495,1625221695,1622816390
7115,"0xC752f1f65071618a10A4abed1635C8F22c942d5F",23284091272,3434923,1622802495,1630060095,1623690383
8324,"0x10Dd1D5DD2595c89F1cb170b16b6C0D23369aBa7",9430444587,3461955,1622802495,1627640895,1624569657
5590,"0x8FeBB77242f57e259666F777fDBC2485cd5455Af",2000000000,3365320,1621592895,1640946495,1621494574
3745,"0x1E8918FA4D93c40431F4Cb1b41520158AFa27352",400000000,3345436,1620383295,1632479295,1620856973
672,"0x1d5988a544db4639D36A455Ae411bB219FDD84bf",2500000000,3311240,1622802495,1701426495,1619819524
8538,"0x34f59F0BBA59DF3abbE525aC8c54DdE14095127c",130583266,3488305,1624012095,1628850495,1625398797
8710,"0x4be92A5b6d76A55B5FD398719fD00011E918Ff13",199400000000,3475299,1622802495,1642156095,1624994956
6614,"0xf63a521ad77803a3b5f92EDdb4613D719d32448a",15223268869,3426075,1622802495,1640946495,1623405627
6488,"0x026Fc425d692C52C43D69Aea0feC9B927a606a37",2519717856,3420151,1624012095,1627640895,1623210552
8085,"0x3A7356978537d9ED06F33210c0D73135A475cb46",5000000000,3439960,1624012095,1625221695,1623855958
2432,"0xaC3D3D613C7A5d093a27864dfa243a4c6229C08D",5627186387,3341582,1620383295,1627640895,1620736929
6382,"0xaADFC3502754DeCAf651F21f716aCedc25b0C133",5330613188,3407449,1622802495,1631269695,1622813046
2405,"0x8d4826d55B0aa13e43d912fE04eCF78a8CB6a88A",300000000,3341460,1621592895,1625221695,1620733338
6410,"0xC83a0eCCDB2d2633F3d300aB9934388E4A918328",2946307518,3409873,1622802495,1626431295,1622889366
3771,"0x7757CccF1b3871f610DfCb4CAa184ac749044b5D",27400007156,3347809,1621592895,1625221695,1620931385
5899,"0x6a2B14a7194ae237828455D01A451C5C5bc429eF",1910000000,3379410,1622802495,1627640895,1621934255
6318,"0x0d68F5776674af338690183a88F9E34c8C063a15",10283078598,3399753,1622802495,1625221695,1622569376
1184,"0x3df844961fd97cAEe15AeE528d318535bc1b4bf6",52093652423,3328821,1620383295,1636108095,1620342477
1756,"0x922f8B327BFE78497283378b97D37Cc5521907A7",571189977,3333020,1620383295,1625221695,1620475012
4777,"0xf6164703079311bC87177115FCeAc63Ac281C394",3454802824,3354372,1621592895,1625221695,1621138404
5878,"0x5921C5A62ceb7f9210174278B8Fe6Ade6bC5D497",11627693154,3378001,1620383295,1630060095,1621892339
6245,"0x08467f8F499B2b44a3D0072b8C03180847A854C4",26992920597,3399955,1621592895,1625221695,1622576673
9194,"0x8341e2c9C674d8D73057962Fa0F42a9F8195228c",25677896466,3537072,1621592895,1640946495,1626942227
5692,"0x94fC01e57c8B69b3F3A1A945Ba2d8AA763B94E83",11395038559,3366759,1621592895,1648204095,1621540931
6434,"0x2B0d30EF27b633cd53257Dc67bB90B9D9Dc8c213",805510440,3415182,1622802495,1630060095,1623050369
6401,"0x4098EcD3d1682E9bBd925F49229bDb8594f42F6a",21464030402,3409081,1622802495,1628850495,1622864141
6422,"0x24855e0297dF1ff060faC834aBAC378F946fc2e5",12000000000,3411919,1624012095,1632479295,1622951558
774,"0x1627fcB7c50B401d95c98B287E9ede7049bA075F",200000000,3322597,1620383295,1625221695,1620156182
6763,"0xF2f404Cb9148bB6922E8b8091049C3F92e854f91",1000000000,3434471,1621592895,1625221695,1623674657
5947,"0x03C25c81E480BC73Db92bD71b04c25167891D426",84101691273,3384250,1621592895,1627640895,1622085114
5779,"0x1081AbF242bdf1bFfCb307Cab2ffBE2570339c3F",30000000000,3374369,1622802495,1627640895,1621779079
9171,"0x48D7b3659c1F93562205c97D784FCD13Ea940499",100565188,3533152,1621592895,1631269695,1626818314
417,"0xB9500BfbBf670224D51741a662565F3b30e47945",21579875087,3297001,1619173695,1625221695,1619379866
5913,"0xD94ADBa59069Bd4A4fCaA381F8dc2453B7e465d9",10000000000,3380199,1622802495,1626431295,1621958105
6450,"0xF8521Ce31a22EB22488b7A15A595f912a1EF4e0a",3529839080,3416502,1622802495,1627640895,1623094194
157,"0xf768fBB98A4dcc9D242cE53A9000AD21F9D1897d",672013772,3271997,1619173695,1707474495,1618602252
5980,"0x753FCDCC2E0aDDbfa702145976B220CE6fEa9Aa2",433780281,3386583,1621592895,1639736895,1622159450
8095,"0xf5dfC20577794e86ab8A92E399895d22A31b2450",14618082042,3441289,1624012095,1625221695,1623898676
5929,"0x7d2D52DA6ed979d93A85A68B106Ffe448aD222EE",8000002454,3382374,1624012095,1707474495,1622027144
8192,"0x49F83bD87B112ce05e34Bb309D08791DB17205c6",17219989581,3452924,1624012095,1633688895,1624273411
1146,"0x7F07eaBf38aFFB30bCCb38cC19764a08b26F20E2",741514917,3325722,1620383295,1625221695,1620248642
1252,"0x37E8d618D0de446f9e2D68511db1f9a6703705C2",427573952,3330319,1620383295,1627640895,1620387631
6633,"0xAa788Ff2F5EB331F82a30dA69a2B3a18F61725F0",341048042,3428013,1622802495,1627640895,1623468114
6275,"0xaC3D3D613C7A5d093a27864dfa243a4c6229C08D",27526000000,3402415,1624012095,1640946495,1622656708
8159,"0xE6BD1916b9B6aeff8A96C13b7a247f82CF015d70",97000000000,3445656,1622802495,1707474495,1624039377
1861,"0x0eb68b83821857f6aD0347e0f111A33C5bAAd3e3",46869507794,3338068,1620383295,1649413695,1620629559
8525,"0x77d179D9120c7D500fD9D50381E34eE1FD2ee25C",40000000000,3485186,1622802495,1630060095,1625300886
1086,"0x221aD01bF490849C1a13058a7079cbF7632a6cc6",100000000,3319642,1620383295,1625221695,1620069542
5759,"0xFdc4A83b16b971D92A46bb18D7a788F07b5a400a",42865251503,3371313,1622802495,1625221695,1621685481
6616,"0xa380D05dDD16f2A8fB67CAc535FE0B2E400f0133",38068435497,3426196,1624012095,1628850495,1623409503
6746,"0xcAF548B15644b0CBF92dE0179D52d0B562Bc3abB",50911585866,3430190,1624012095,1625221695,1623537919
2418,"0x2D3C839208eE70D17e578E59f96fB9f8Da546562",2000000000,3341476,1620383295,1627640895,1620733846
677,"0x37174343816B4DBb9128b76C4f3dda6EA6f6CC3C",4994070730,3312515,1619173695,1627640895,1619857853
297,"0x380321D5ef1596a15B78ff63a7B268399968769C",10000000000,3282912,1619173695,1632479295,1618946171
6001,"0xA642c646be2cEA493EcCF6D633D0bfEC5f2ae6fa",12500000000,3392743,1622802495,1626431295,1622348081
5760,"0xFc3CC91E57fe8EE9c018fC8EF7A7137613000121",1913568200,3371408,1621592895,1627640895,1621688291
6249,"0xb43AAdAD4f12eebC8953A9Bf9ad8bb4e00C6428A",30394910277,3400239,1621592895,1627640895,1622585908
722,"0x90A5dDfF7DFa68e0BF7ef65e595eFBC4f5aB27Fd",13036672584,3320979,1621592895,1633688895,1620108422
6004,"0xaAD4A4a165Ac449b59Ea68d81B97f1Eaf314D501",2844749507,3393681,1622802495,1627640895,1622376672
8533,"0xfd88C1C6B3562f74b72229e076F991cE5Fec630A",8116187899,3485962,1624012095,1630060095,1625325199
5722,"0x121E75588FbB738CC08000204691771945eD71b6",90000000000,3368548,1621592895,1626431295,1621597847
4777,"0xf6164703079311bC87177115FCeAc63Ac281C394",5573692557,3354372,1621592895,1625221695,1621138404
6489,"0xDA14D6c27C022794Cd12d11072ccfa3415750DB4",1110261735,3420443,1621592895,1625221695,1623219900
6387,"0xd29C26996a66ec4e09a22b8512CbD367C40F1e84",25677896466,3407651,1622802495,1633688895,1622819575
1865,"0xFdc4A83b16b971D92A46bb18D7a788F07b5a400a",20000000000,3338144,1624012095,1630060095,1620631937
389,"0x7042cA0C2B96D4Fb57308Bf48BD59c511C3442a9",10000000000,3292722,1624012095,1705055295,1619248486
8782,"0x60Fe9Efa276d7D30f8F46124910C15a5d5845b7a",3505614619,3497323,1624012095,1638527295,1625683976
1111,"0x25fa3Ac261101C6969F1a6b80219040628e2446f",23110106820,3323964,1620383295,1625221695,1620196753
8099,"0x2Bf3b9c10c97F97e06C809bfBa67858C009d2CCB",5400000000,3442707,1621592895,1631269695,1623942880
5713,"0x23B1fb82c3F86c62473D7c2f5c46BB8bE3f0A4d3",10000000000,3368048,1621592895,1626431295,1621582321
6617,"0xc1f3eBe56FE3a32ADAC585e7379882cf0e5a6D87",24000000000,3426268,1624012095,1625221695,1623411957
10058,"0x71A6a6Cbde61413c77F75e40f91C71f5A027F4F2",20810327538,3608556,1622802495,1634898495,1629195717
39,"0x3587B15f7865D4F3F5cA15D29d197bB2f1E6309d",102700000000,3263187,1619173695,1625221695,1618306897
1264,"0x5D92fCAbF327456bBA33d64da8721C56a69b08d0",3000000000,3330529,1620383295,1625221695,1620394467
6353,"0x83AB481dc4640ff46f15F7f9e5669a5c820cB016",52000000000,3404940,1622802495,1625221695,1622736262
3153,"0x3E47e782156bd412De28CF9c66dE07FdEb60faEF",1000000000,3344705,1620383295,1668767295,1620834029
153,"0xB9393836755De736EcB99E503448BD6f2474330c",61272634,3270397,1621592895,1630060095,1618548833
5812,"0x1BdCD0251d867A499f2c65916d74789D39186E81",618800000,3376688,1622802495,1627640895,1621852085
3796,"0xe99e48a4F8e383bD0903030A0545d63a6f34AcC0",2003958510,3350213,1621592895,1625221695,1621009469
416,"0xb91E1bBB2aFc118DcB4c62B8d58749707c4694F1",214060865,3296695,1624012095,1625221695,1619370325
8139,"0x157cA9dCC26be365D9b4639520008f1933349871",100000000,3444581,1624012095,1625221695,1624003370
8532,"0x12Dd7FA017B4438B2968085B62482d8D589028b8",823313371,3485723,1624012095,1631269695,1625317738
9840,"0x0877acafd6362938B38a7b28a6f8F5121e51E791",25000000000,3570138,1622802495,1631269695,1627990518
8175,"0x48323d0CB8930C6A5e0cdF234e20B9Cc9BEC6926",166600000000,3448855,1622802495,1626431295,1624141017
3795,"0x07bC260147E692088111efe5416Bc234ec28d194",12208270260,3349970,1620383295,1625221695,1621001573
5872,"0xaBd9Ccebd132d2D99ac97cfb95156bFf9acFFbDf",38000000000,3377848,1621592895,1627640895,1621887354
1282,"0x952bEc2112454fDABE368ee8B0a2ec09DFDf26a7",551860457,3331203,1620383295,1639736895,1620418262
9207,"0x4317c9D3FdC7df6040a3894d30E2C5325791FD0C",20656397435,3537746,1624012095,1628850495,1626964201
9786,"0x6f6634B2AAb01df7F47F615fb4E2b876Bd3aE5EA",1192401805,3552645,1621592895,1631269695,1627437291
5780,"0xFeD648CCea13C6126fF664b0dfe65C6cb1257d41",300000000,3374740,1621592895,1640946495,1621791263
9962,"0x4E93c6ed4DBA442859794D5141959935241Ca045",181937761,3585086,1624012095,1630060095,1628460683
6467,"0x1e4E7c29462e3dC4a6F565FDbefAD203F1c70243",3234269342,3418661,1622802495,1627640895,1623163689
33,"0x68B9170416F5A982cEED30aC3807062953cC24Aa",52200000000,3260442,1621592895,1625221695,1618218631
6447,"0x097dA78486D49763b2Ad55F19327DC27068f8a20",600000000,3416123,1624012095,1627640895,1623081680
685,"0x9859932709465aee85d0059bd02B1eaaAd31D75e",53476477615,3313898,1619173695,1634898495,1619898827
6463,"0x980C00A0B98b3D8c5D30C9AD6586F2d63694f7DA",102710000000,3417964,1624012095,1631269695,1623141036
8140,"0x1852393eA32470cDC62A635ED3A0C7F0dc5FB2fE",4261269890,3444672,1624012095,1630060095,1624006506
3741,"0x59bE44e9489674267224cB24f1a12bC6BB099D92",51355792933,3345085,1621592895,1625221695,1620845808
6634,"0xB5619CA0Bdd458EBfbc2b8B4b823E23D5717ea67",80000000000,3429246,1622802495,1626431295,1623507480
2454,"0xB753b89722a1969D3850c37D05333aE592302412",1434567826,3342332,1621592895,1625221695,1620760106
6419,"0x4270dE12D4D511C63eAB63292A5fc2F1055Dd5f3",40000000000,3411893,1624012095,1632479295,1622950686
1135,"0x1ef47d1853C7Be7E4d6cce8db451E5FF5eF191c6",15968085,3325355,1620383295,1627640895,1620237809
6,"0x8378379ed73Bc1f5892F2E3787b634Cce31aF562",58005967543,3253328,1617964095,1640946495,1617990719
9186,"0xF922629BFCaA0C3593FA86CbC1F8815A8cbF0B30",40000000000,3535028,1624012095,1628850495,1626876748
8195,"0x319d116c3074aE7dA02Fa6ee50Ce453fe69d7B58",77033689400,3453399,1622802495,1626431295,1624289332
4777,"0xf6164703079311bC87177115FCeAc63Ac281C394",20000000000,3354372,1621592895,1625221695,1621138404
8043,"0x3c258c12e05b9d49b81D01cFdA68a36F9635f3F1",1400000000,3435352,1622802495,1627640895,1623705060
5772,"0x53d92b47B8e16966Aa65627D39C48bF717602391",33199822109,3373720,1621592895,1625221695,1621758006
322,"0x1F470895D81D6332cc0Ca6029191fa1302dA6B46",23501217,3285753,1621592895,1643365695,1619036152
9206,"0x962f5871E8f2F731c434f4C9EAAB7e9Ea25e8E30",24064087818,3537721,1624012095,1640946495,1626963467
5897,"0x0C4DfF600a3Ef5C11a3506642e62a7d480b60252",979180509,3379166,1620383295,1627640895,1621927205
5742,"0xd146651E4493fCd7846a11655bA0c5C7288e76c1",5000000000,3370408,1621592895,1625221695,1621658047
6627,"0xc0fC996423fa30e1ddB325dbaAFb356af2CAaeCe",15000000000,3426988,1624012095,1625221695,1623434603
5909,"0xef7692Ccd24B4fb91b1268D2D5f6410f9f8F914C",25000000000,3380158,1621592895,1625221695,1621956921
8172,"0x17FcBE99B848A261574f2125d73AE9ddc4c8bdC3",15128147836,3447959,1624012095,1627640895,1624111244
665,"0x6a21E5203d4230dbf161AF444285Cf36b85982Dc",312573524,3310941,1620383295,1626431295,1619809791
5613,"0xfE7f4747494ee2ADc7C23D58E1305344a26eF64F",8005067462,3366123,1621592895,1627640895,1621521354
6124,"0xb98f23ae41954EDcAb1BeeB4de3F3cf1049b63A2",14571821373,3394728,1620383295,1628850495,1622409361
8207,"0x061f6292A655c031c6D712BC5A02Ea446c85C369",27668460283,3456731,1621592895,1633688895,1624399452
8546,"0xE14cF639766bAb4d81e3426191bd1edFF5eED30e",72919525472,3489292,1622802495,1632479295,1625430448
3744,"0x25fa3Ac261101C6969F1a6b80219040628e2446f",8825898249,3345416,1622802495,1628850495,1620856419
1731,"0x8aa4785E233167e16F94676c38491B1391d40fa7",100000000000,3331951,1622802495,1634898495,1620440953
6436,"0x187e202e311Ab27175442be9aF0B953F23b9eDdA",99581450287,3415423,1624012095,1625221695,1623058396
5535,"0x2DaFfedDB402a9ab6009C7413abDCf8566f64bAc",26905792933,3363116,1621592895,1625221695,1621417450
8163,"0xC405B28AE784BF7e7D699c19e15E09DD8A831e68",102700000000,3445765,1624012095,1630060095,1624042801
413,"0x33E3C51F3fBf64606743c2049108E2A67EC1175a",969288062,3296509,1620383295,1626431295,1619364590
6772,"0x79482013723BB6b40F7B9D0B97B1988Db1F145B8",9995060439,3434644,1622802495,1625221695,1623680767
5938,"0x55A399670d100e3Acd3ab81610169a00b014Bb6a",116347048,3383459,1621592895,1625221695,1622060129
6769,"0x59ACdc8Afa316C45a42008f0f5E10d886c816C61",1000000000,3434489,1621592895,1625221695,1623675301
8043,"0x3c258c12e05b9d49b81D01cFdA68a36F9635f3F1",980000000,3435352,1622802495,1627640895,1623705060
3761,"0xdA8f46C5f3f37e2A71E359Db2383E72e72Fdd15f",1232548292,3346919,1624012095,1639736895,1620902776
5916,"0x485a2a216ffc1bc0bd8b75DcDDB3894c44Fa39E2",10215000000,3380882,1622802495,1705055295,1621980016
8787,"0x90f8e932E5AE5CB61BA2dAb801aC160d54F3Fe4B",102700000000,3499753,1622802495,1631269695,1625760420
8164,"0xfee6e9A1ac0571eD121189E593847982515f8B53",102500000000,3445769,1624012095,1632479295,1624042952
360,"0x0EC1B71F056De130613397AE6680617f1d252Ccd",6508506285,3290265,1620383295,1627640895,1619174195
5823,"0xdd3b4D307c0F689a91398A57E1aD0C54d5D8Afb5",863440449,3376765,1621592895,1632479295,1621854544
153,"0xB9393836755De736EcB99E503448BD6f2474330c",1232739730,3270397,1621592895,1630060095,1618548833
5700,"0x87a5C3Fa07b0046e4b0813D40d01e2f2C301D0B4",11514790322,3366792,1621592895,1648204095,1621542042
386,"0x286eA9a67d2Ab7480B653C48E306a6a36D915c70",6073748867,3291559,1621592895,1625221695,1619212971
610,"0x7B9fC64d45fae6176F2E3f30cA703DBf5362Bc56",30877597354,3300830,1621592895,1707474495,1619497524
369,"0xC5c6FCd2Fb507aB00C90C58a2094AF28cd7Af1e0",14500000000,3290601,1619173695,1637317695,1619184311
8322,"0x62436096690C62145516AB6f7CcC3B818003f301",3570000000,3461952,1621592895,1626431295,1624569583
412,"0xD16B020D1B8655232d15f13D9706F67AB5A91c89",20000000000,3296393,1619173695,1625221695,1619360963
2396,"0x5E1890579e500b89Ece8D60f1Ac2e0F54D7A3F88",500000000,3341437,1621592895,1625221695,1620732663
6251,"0x3cC75a5C018Df322f270b868460eE3bFf2118983",300000000,3400491,1624012095,1653042495,1622594106
5856,"0x78eE1bD9D7900D8D807e04a9E6a9404ccA5bAbf6",13090486934,3377082,1621592895,1632479295,1621864075
6476,"0xd507D4Af71088BAfbf2eA0CdB6962694F850DE01",102700000000,3419280,1621592895,1625221695,1623183044
39,"0x3587B15f7865D4F3F5cA15D29d197bB2f1E6309d",53944667728,3263187,1619173695,1625221695,1618306897
3772,"0x8664E763266054F57fAA8E62F7FBDa16722178A6",2066302272,3347880,1621592895,1714732095,1620933500
5784,"0xda77a5ac1Bc424d89Aec3ec5581C71A0F578D5cF",16601568371,3374983,1624012095,1705055295,1621799406
6474,"0x11F22509947faA978D020b74b342ef1E169B1b28",3037873040,3419212,1624012095,1627640895,1623180858
155,"0x4789AA0649B0ee6bC5b593Dbdec63CC5789242E3",10725847370,3271411,1624012095,1632479295,1618583150
6770,"0x2C0A07CCc54Ae3852039Cb9bF05664A661Ee51d7",70000000000,3434494,1622802495,1625221695,1623675588
4493,"0x0456515e5cFf85ad245b4bcd33EBdb28dA6a6493",100000000,3352280,1621592895,1707474495,1621073181
5590,"0x8FeBB77242f57e259666F777fDBC2485cd5455Af",1522061119,3365320,1621592895,1640946495,1621494574
8305,"0x8bCb0f003e68B8778c75f40861d54373847ec22D",13030064281,3453921,1624012095,1628850495,1624307333
5711,"0xdc9b170f596Fb1A183B3A1F31D1b074d33218381",10910000000,3368030,1621592895,1627640895,1621581671
1742,"0xd44554b8131492C8373BB96f0fe2887b7959c628",2001353312,3332604,1620383295,1705055295,1620460788
6615,"0xa380D05dDD16f2A8fB67CAc535FE0B2E400f0133",300000000000,3426189,1622802495,1654252095,1623409277
8966,"0xb51ECd588c661681918ab4B302C79500Fabb0043",51355792933,3518825,1624012095,1697797695,1626363388
8804,"0xC314A4C45367303378A92eaA079E2c7E3130F21d",3526158803,3502733,1624012095,1628850495,1625854836
6749,"0x8bCeF13C3195C59Ee104625EC66d54C93B8EEF61",369000000,3432837,1622802495,1640946495,1623623467
2402,"0x0f9962D18E2C6c500a686607A2D6fFBB1CdF5611",300000000,3341452,1621592895,1625221695,1620733047
299,"0xc00A397e5328527734D5F44638C401658f939819",98955382087,3283014,1617964095,1631269695,1618949116
6553,"0x78eE1bD9D7900D8D807e04a9E6a9404ccA5bAbf6",5509939307,3421172,1624012095,1632479295,1623244321
5768,"0xc375B9D01d5434FE0C565ea8D4E6b286cd110F8A",12000000000,3372433,1621592895,1625221695,1621718877
1761,"0xe42FC3F7a0828ECEBd3808270a99E06556572C4B",200000000000,3333637,1619173695,1627640895,1620494889
1748,"0x3FD5AB08072d132D5aBa132a272896ce844B131a",671298118,3332854,1619173695,1625221695,1620469414
653,"0xa62Cefa89D3655F625Dc68B988B223aE469A26BA",200000000,3309888,1620383295,1627640895,1619778684
6477,"0xcECf0325375f1ce0085bBFa8415403663c99BAb7",100000000,3419340,1621592895,1633688895,1623184920
8059,"0x95Dd613aeadEe328DE31C073d4C7653781743898",15000000000,3437929,1622802495,1632479295,1623788542
38,"0x20DBC085deb930D389fE399DEac9dB7A3448B198",41077444535,3262959,1621592895,1625221695,1618299484
3768,"0x55630EDa9b5701eCE290457DDDb7996B8C5DD3bc",142711585866,3347540,1621592895,1637317695,1620922220
6766,"0x58f9338D03849A06B41D4A4982d498489C375207",5800000000,3434484,1624012095,1625221695,1623675130
2394,"0x45911d3a245B8060bE613c35d2A84C8FeC23f8e8",500000000,3341426,1621592895,1625221695,1620732273
8094,"0x0c3c684403D88480Af1F98fF824fCE6a83C741e6",4678727097,3441262,1624012095,1626431295,1623897837
5822,"0xc3e1AC651F4bd092Cde3A3FE0E361ED3a2C4070C",32559000000,3376758,1621592895,1626431295,1621854349
6479,"0x4ABf36CfE4D3385C4670178aB2a5eA9B5314099b",20000000000,3419441,1624012095,1625221695,1623187989
8066,"0x15bD69F6217d28b8318E84B7f1ee367aef67dAfB",100261873459,3439618,1622802495,1628850495,1623843896
1151,"0x9bd6759F6d9EA15d33076E55D4CBBA7cf85877A7",42000000000,3326248,1620383295,1706264895,1620264832
6446,"0x097dA78486D49763b2Ad55F19327DC27068f8a20",39100000000,3416122,1622802495,1625221695,1623081639
700,"0x890E68421A6E1a3ff329F9bA920B9A1275e6cC18",2300000000,3317014,1620383295,1627640895,1619990807
8497,"0x7C27758644774d49D44031202127EE2E3c9840F1",7986101805,3475305,1622802495,1631269695,1624995243
692,"0x81a13eFD25bcC92Fe7869c6a8cfAb976007091FC",2023545769,3315533,1620383295,1631269695,1619947050
8777,"0x30cdFef4b9d4247247f640E042d37De26C812AD5",4400732676,3494319,1624012095,1627640895,1625591505
5946,"0x07E9d06db58A77407DB95D93Fbe1275a46F97463",3469765890,3384186,1619173695,1631269695,1622083173
5933,"0x1DC22e51C13b6e2C33fE1c4601BC789DABD4B823",771041190,3382659,1622802495,1627640895,1622035745
6624,"0xDD8A92B5c5E33B9659D5FE0e79D999faDAE9b2e3",25559739594,3426471,1624012095,1642156095,1623418457
4790,"0xCe8515C7b4B741e0e9335084bCCf779111Eb9f46",25450934675,3358380,1621592895,1627640895,1621264433
375,"0x671993e3190f696cEAA67AEf02c10fED01A020Da",10000000000,3290790,1619173695,1674815295,1619189650
5530,"0x6FfDe9a758a68a29af3D9354a9b69dafbe96723b",6612846971,3362792,1624012095,1628850495,1621406766
8513,"0x9D8385f270e7F709E64Fb6467b94373D9c4FBc52",24845479413,3480056,1622802495,1626431295,1625140876
6419,"0x4270dE12D4D511C63eAB63292A5fc2F1055Dd5f3",40000000000,3411893,1624012095,1632479295,1622950686
533,"0x1e64268f1FdF6215bC094338aa135cCe75443ec1",5000000000,3287932,1621592895,1626431295,1619102782
8096,"0xb2048D9115fE5C2AD9e89c9625E220A68761e5c0",604251111,3442190,1624012095,1626431295,1623926797
2382,"0x644836Bea663110bE0AFb0b04dC1eC7492dEb14A",350000000000,3341083,1620383295,1625221695,1620721599
8136,"0xD0Aa804ddE4315Da2ed244EA5FB3E1767D5008bC",44371405094,3444229,1624012095,1631269695,1623992452
780,"0xDd711b4690cFad50891cADDD34D56F64CEC9d85b",63000000000,3322721,1620383295,1625221695,1620159749
5778,"0xE518F19E480F9E5f17ebb71cE498d76D34dF239A",1213368075,3374189,1621592895,1627640895,1621773184
1862,"0xCA49011B07339DD8200aA12075aB14d318CC3A6b",13065200000,3338136,1621592895,1642156095,1620631670
6747,"0x34e917BFA9a0353f0Cea24f6F21B06701128e977",9276358826,3431300,1624012095,1625221695,1623572612
8860,"0x2D3C839208eE70D17e578E59f96fB9f8Da546562",1500000000,3515759,1622802495,1630060095,1626265764
8789,"0x43a0dD279e3ac8989C53106E959334F6F8Ff0043",409606259,3499940,1624012095,1630060095,1625766149
6612,"0x8b765a02a7F7D5D659e0328e66A65E8877be5fBa",41356000000,3425174,1621592895,1626431295,1623376557
1268,"0x4Dfd01933C8af1151d208a897b97926A2a47867E",75000000000,3330682,1620383295,1628850495,1620399340
158,"0x81bcA173e3af097dccAbbcEF20ce213Ca20a5953",40000000000,3272048,1624012095,1637317695,1618603752
6242,"0x3eC7FaF79CFefFeb7fdA159E9DD1B090B0070D5C",5788869246,3399855,1622802495,1632479295,1622573091
6408,"0xef39Ca43fCE490064E1A150D02De4184Ecc74Dc9",1000000000,3409566,1622802495,1626431295,1622879391
3754,"0x395c6d3D468E0DfD470Bb8679F59dF36EEA62Fd7",1000000000,3346494,1622802495,1640946495,1620889717
8203,"0xeD5D4aA57E28689050Eb7DE9975D79E0B254F4A0",3141006886,3456203,1624012095,1626431295,1624382708
3752,"0x67611d1607F4C712fB12e2B5e2a855f8Cd8dca1D",3600000000,3346487,1621592895,1628850495,1620889526
725,"0x67611d1607F4C712fB12e2B5e2a855f8Cd8dca1D",3600000000,3321835,1621592895,1630060095,1620133675
5697,"0x9d54839c41bF71dc1E53eC238a5aBf02F686F999",11529781783,3366775,1621592895,1648204095,1621541396
1278,"0x63b68919A474e9E9633FcCE41c4aeF18A5e2B3ad",50000000000,3331076,1620383295,1626431295,1620414160
361,"0x0EC1B71F056De130613397AE6680617f1d252Ccd",10000000000,3290269,1621592895,1627640895,1619174340
6271,"0x1b194c5f365A387711eD1dF6274e7f36552Cb594",5701479757,3402017,1624012095,1626431295,1622643203
5895,"0x018f9e9e09d8A3e817128882Eaaf9a0d3BB24054",2469496203,3379133,1620383295,1634898495,1621926305
6745,"0x5d9bF1B79A2179bC1Ca2FD429681533b9180AD47",102211585866,3430177,1624012095,1625221695,1623537619
1745,"0x8b13aEE492A857982a3A78a3543650E8C53ad221",10000000000,3332734,1620383295,1627640895,1620465127
79,"0x0c0ECA310cF57997693C8417Df1Ccc0729335645",7343868118,3264761,1621592895,1625221695,1618361962
6768,"0x76c2728425223E2eE39B9Ad709Dc74C8A086Bf0d",1000000000,3434489,1621592895,1625221695,1623675301
6460,"0xfcc34cB29FF87186ec256a1550Eb8c06dF6d8199",102711600000,3417933,1624012095,1631269695,1623140076
5603,"0xdA8f46C5f3f37e2A71E359Db2383E72e72Fdd15f",6427091591,3365911,1622802495,1707474495,1621514361
128,"0xf725fa201544133Cd5F2599ba96EC71D4ac83e92",102711585000,3266094,1622802495,1648204095,1618406343
6600,"0xf36a9bc7452d358Ad2EfD26afE0413a23de96Fca",102711500000,3424051,1622802495,1631269695,1623340497
6432,"0x12392c37c346d1D05795ae4118e788337B73832e",144536605,3414287,1622802495,1630060095,1623024136
9248,"0x5C9359DcD2C749c368CDe85dfE9A5230d1760c47",7700000000,3549044,1620383295,1634898495,1627324693
6422,"0x24855e0297dF1ff060faC834aBAC378F946fc2e5",12000000000,3411919,1624012095,1632479295,1622951558
9840,"0x0877acafd6362938B38a7b28a6f8F5121e51E791",8700000000,3570138,1622802495,1631269695,1627990518
5769,"0x17623b59F7D0adB0377B1e01021d1e412936aD91",43313948233,3372714,1621592895,1705055295,1621727528
1252,"0x37E8d618D0de446f9e2D68511db1f9a6703705C2",190032867,3330319,1620383295,1627640895,1620387631
6630,"0x98Ff7895075fE2978eCe7580F74f4025E396A732",4000000000,3427251,1621592895,1626431295,1623443414
3097,"0x9364857486c8c8c6ea3c4DB4bB4B86c6b03e4b9B",1337920568,3343845,1622802495,1627640895,1620806397
7115,"0xC752f1f65071618a10A4abed1635C8F22c942d5F",5366331912,3434923,1622802495,1630060095,1623690383
10135,"0xD4a31E42f71973eEe39B8161AB5eFFB7F08CC639",4464220261,3616386,1624012095,1644575295,1629438095
6545,"0x0b396Ca0C60120e60cb0f1ea46087C31adf3bf27",41221077893,3420908,1622802495,1627640895,1623235210
5943,"0xA744767924F50c946D1f3B64a40B404cb3664c99",6361419201,3383626,1620383295,1625221695,1622065593
163,"0x52288335eEb0975a03256b1EaCa8B2f6ed7f8AEB",3866161683,3274345,1621592895,1680863295,1618675889
5741,"0x05f39aB06cFBE54c73F0183dcb0a85520D44d7c2",112636574787,3370079,1621592895,1627640895,1621647447
9840,"0x0877acafd6362938B38a7b28a6f8F5121e51E791",54472364652,3570138,1622802495,1631269695,1627990518
6604,"0x3Cba8932F4718636C9522670C56F5fbbf943A506",31289103104,3424183,1624012095,1625221695,1623344599
5998,"0xCE5Db5cb0B58F08261D1736C150d9e51248daA4C",782479168,3391841,1624012095,1644575295,1622320762
9969,"0x1d283425c8339C5d34B41c407a582a0c90E5DD5E",171000000000,3587831,1621592895,1633688895,1628546942
6279,"0x63bf3DeA87743b197F5fD37e5715840e63A882CD",537901301339,3402750,1624012095,1625221695,1622666889
143,"0xB974e45153D940d5AAA45f39a1d7b421e0f88B0A",6383864597,3266632,1624012095,1650623295,1618424991
4777,"0xf6164703079311bC87177115FCeAc63Ac281C394",4760000000,3354372,1621592895,1625221695,1621138404
5897,"0x0C4DfF600a3Ef5C11a3506642e62a7d480b60252",1267712383,3379166,1620383295,1627640895,1621927205
6310,"0x9A8fa64073EDD15E8490E3a71a10a56aEB2b772e",1179308237,3404862,1622802495,1625221695,1622733726
5793,"0x1BdCD0251d867A499f2c65916d74789D39186E81",12403390490,3376685,1620383295,1627640895,1621851940
669,"0x1d5988a544db4639D36A455Ae411bB219FDD84bf",2500000000,3311228,1624012095,1703845695,1619819138
8186,"0xEd878594b9E18D8C184AcB3aCb1812766C4E922c",6000001723,3452458,1624012095,1626431295,1624257456
5717,"0x726C75D29820D60eC524FDE644CD76Fa82AF2741",420000000,3368161,1621592895,1707474495,1621585952
6281,"0x02b1040cD6746328BA5bc9F81FA7690522cc6df0",2500000000,3403834,1622802495,1640946495,1622700763
5690,"0x1d80C6d53Bee7353aCD8835002C0aCEA7A5A779E",11406789834,3366746,1621592895,1648204095,1621540594
1732,"0x8DC693666b3a6f5028E32C54b987109CAc717010",2000000000000,3331992,1620383295,1625221695,1620442125
3746,"0xe5df77b5c1C541cDA961bAFBdaB2b9FB94831f98",21095000000,3345542,1621592895,1628850495,1620860393
5595,"0x345FC578Bf09985912Ca35bD8dc14db7ced43c4D",2400000000,3365732,1624012095,1706264895,1621508284
5728,"0xf76c8BacC09a793D3efa6593F855761ab77E5cd2",10025487398,3368803,1621592895,1627640895,1621606126
9940,"0x0fA36ea577AD67C61e0b7631C55BD305533B8C94",2500000000,3578636,1624012095,1649413695,1628257430
2371,"0xa75F3902EF9b5217FCafF4A910f60A20925e450f",3125615331,3340760,1620383295,1630060095,1620711179
6435,"0x60c7C59d12b406Eb90D6523353684773DEeB9876",1309941479,3415383,1624012095,1625221695,1623057078
6396,"0x4A45b02B25111157833a09AFDC9252e01686CeEa",1000000000,3408176,1622802495,1625221695,1622836631
6247,"0xb43AAdAD4f12eebC8953A9Bf9ad8bb4e00C6428A",27605969986,3400235,1620383295,1627640895,1622585742
1976,"0x41051aA6BE8591F0bECF8F8c3CbD3FEB15b1571E",101095240,3339092,1624012095,1626431295,1620661335
8496,"0x0C0775D13cd47d7647fA4CB0035Ec3c2e34C45b9",755597652,3475112,1621592895,1705055295,1624989056
4777,"0xf6164703079311bC87177115FCeAc63Ac281C394",2563984135,3354372,1621592895,1625221695,1621138404
3129,"0x3D396c0724327CcAe085220E8ED983387D1F8fc8",83745012440,3344644,1619173695,1625221695,1620832174
141,"0x2E45566D1e1824566b045896807518e08b50fD90",10132621199,3266552,1624012095,1649413695,1618421899
2388,"0x80C82cC110c288E7a144163CceDcb067ed865bD9",32000000000,3341371,1622802495,1630060095,1620730385
8040,"0xD47427BD57cD71dDA029457412E0D32B08B90569",102271848,3435276,1620383295,1625221695,1623702615
6554,"0x99Ddc9544d33e01afE8f38C0b3b5893af2E25744",2516739934,3421244,1622802495,1673605695,1623246598
4494,"0xA22800d34b90A3BbB9399845d256029181F54519",17500000000,3352370,1621592895,1625221695,1621075878
6110,"0xC996552aB087012cBaF108CA44a6DC1644Af2CA2",52892332964,3378013,1621592895,1625221695,1621892736
8505,"0x47AB977b291623d34D0EB4C8809a92a34aF297b7",500000000,3477500,1624012095,1643365695,1625063167
5529,"0xB6a9BF1E8083179488C76F17A7B4A7818E6497f4",14960716636,3362446,1624012095,1630060095,1621395981
3777,"0x9142bcFb48Dc34757d50beCb9Ae3353f5b2e3578",9860000000,3348895,1624012095,1627640895,1620966032
9431,"0xC25B9185447BD635BBDf3a46AB7cd079fC76f927",733504875,3568001,1624012095,1630060095,1627922867
1272,"0x743A69a1235E1E296Cc044581a7Ecb19328716aC",13931900000,3330753,1620383295,1637317695,1620401702
5616,"0x962f5871E8f2F731c434f4C9EAAB7e9Ea25e8E30",22234957742,3366161,1621592895,1628850495,1621522624
1145,"0x881e0a267DD8FFA68F540d83Da58109B4De96f3b",6659319569,3325676,1620383295,1628850495,1620247202
6433,"0x99930Fb80543D2c7a7Ead7725B39873031ea7BE1",27711585866,3414629,1624012095,1625221695,1623033995
6008,"0x702979f662A5ca42176B26F9755F5515e99b021A",1026423679,3394533,1622802495,1627640895,1622402973
333,"0x43DF11674F07a607Ce054685B4A4D8623CF3ff41",771011574,3286987,1622802495,1626431295,1619074391
5869,"0x1B2dAEB7E8Ed2134AD4FFAdbe035074B6C912C72",150000000,3377695,1621592895,1626431295,1621882718
2483,"0xF14f36AD419C7026Ce544eb06aF9C9928d02F809",1000000000,3342693,1621592895,1625221695,1620771173
8135,"0x2bbbC5A3333Cc335418c96A53f8D5E67d3faA75D",2066572867,3443941,1624012095,1627640895,1623983156
6454,"0x9Ac8D36F31424a2b4D42C13aEDA9e36aF856246b",4000000000,3416589,1624012095,1625221695,1623097009
5976,"0x5BF57F8a9E1FDB554d65331cac55b1c9B24Bba11",10000000000,3385515,1622802495,1630060095,1622124345
292,"0x72172aF1BFEFB4b64f81787E6Fa538cf765dc871",2450000000,3281846,1619173695,1638527295,1618912941
2483,"0xF14f36AD419C7026Ce544eb06aF9C9928d02F809",35000000000,3342693,1621592895,1625221695,1620771173
5896,"0xD78f6BE297445bef3291dc6E7e5A1eBB9c7D4AeB",1378065808,3379133,1622802495,1627640895,1621926305
8133,"0xaa26cB9e66eDBAf69FeFC3F0847493fcec923734",34091062664,3443233,1624012095,1627640895,1623960947
