"id","staker","amount","block","locked_until","timestamp"
60722,"0xeFa9986e463e40F7489780d4Af885F92A9a1F901",3058895447,3513535,1627640895,1626195104
60722,"0xeFa9986e463e40F7489780d4Af885F92A9a1F901",3058895447,3513535,1627640895,1626195104
68527,"0x722FEAb91c7484C66DA25251b40E63254ccC4663",882005369,3601398,1631269695,1628971761
49629,"0x1211484a0fb5811B5D07D9f3cB195B829EEc34Da",901000000,3397415,1634898495,1622494443
49629,"0x1211484a0fb5811B5D07D9f3cB195B829EEc34Da",901000000,3397415,1634898495,1622494443
60604,"0x03fF1B9a48FBA6B5D0b6c8Da5cA723471c1C655F",1651877111,3505077,1638527295,1625927500
60604,"0x03fF1B9a48FBA6B5D0b6c8Da5cA723471c1C655F",1651877111,3505077,1638527295,1625927500
62230,"0x09FdCFD6f607a06fD4Aeed74F5cE6548C8eaf3fC",24362000000,3531868,1632479295,1626776686
62230,"0x09FdCFD6f607a06fD4Aeed74F5cE6548C8eaf3fC",24362000000,3531868,1632479295,1626776686
11534,"0x61f95908E01d1A7A2301583D67281B80059781Ae",21344546014,3266252,1626431295,1618411769
11534,"0x61f95908E01d1A7A2301583D67281B80059781Ae",21344546014,3266252,1626431295,1618411769
51060,"0x41B18AF506B68EFa58f1ed6Ca92c879Bac5819b9",36592095848,3428581,1627640895,1623486572
49548,"0x717f8eCbE2eF5720F2d05e43950886D993AE74D0",2814574668,3395440,1627640895,1622432253
49548,"0x717f8eCbE2eF5720F2d05e43950886D993AE74D0",2814574668,3395440,1627640895,1622432253
61391,"0xbCB1c9373B1214ce96ce847160E33660aA293fC8",150899497,3517092,1630060095,1626308387
61391,"0xbCB1c9373B1214ce96ce847160E33660aA293fC8",150899497,3517092,1630060095,1626308387
48675,"0x432898581e081bf89d1f730A2E3759Bd2BB88418",285600000,3382391,1625221695,1622027705
48675,"0x432898581e081bf89d1f730A2E3759Bd2BB88418",285600000,3382391,1625221695,1622027705
34701,"0x9f05908720Bf143b1363D1EA1C3Ab1B180499f2a",462500000,3344416,1628850495,1620825133
34701,"0x9f05908720Bf143b1363D1EA1C3Ab1B180499f2a",462500000,3344416,1628850495,1620825133
69021,"0x72b58B06AEd8cFf8b5f424F55f7dD6edc955d749",11028000000,3617380,1638527295,1629470473
56557,"0xE4c6d82CF48B75102D8fEA8a81Ba0606D07baceC",9091817337,3442347,1637317695,1623931462
58090,"0xCe6208894BCc98c9B00683A5676fd98c9746416e",3517905242,3469808,1646994495,1624821809
58090,"0xCe6208894BCc98c9B00683A5676fd98c9746416e",3517905242,3469808,1646994495,1624821809
56935,"0xB4f9D73f8f9803D1048C83f4425AF38dB711Ab90",4492963167,3454158,1626431295,1624315508
56935,"0xB4f9D73f8f9803D1048C83f4425AF38dB711Ab90",4492963167,3454158,1626431295,1624315508
8983,"0xA152eB75Aa843F5B3ed32BB21991F740EfB97e36",1505213065,3275821,1642156095,1618722611
8983,"0xA152eB75Aa843F5B3ed32BB21991F740EfB97e36",1505213065,3275821,1642156095,1618722611
20211,"0x6735d8455C0BDf9480a79488c7B8815e9f884969",450877217,3327574,1633688895,1620305008
20211,"0x6735d8455C0BDf9480a79488c7B8815e9f884969",450877217,3327574,1633688895,1620305008
51022,"0x38046a3da9498C13aE9749c5C3FedF0d4B3e2D42",263100000,3426443,1640946495,1623417503
51022,"0x38046a3da9498C13aE9749c5C3FedF0d4B3e2D42",263100000,3426443,1640946495,1623417503
64454,"0xB9393836755De736EcB99E503448BD6f2474330c",1952817158,3568893,1630060095,1627951119
64454,"0xB9393836755De736EcB99E503448BD6f2474330c",1952817158,3568893,1630060095,1627951119
62918,"0x6eE542368dD6eC349Ef72127A718eED46f3cA215",72822514379,3553583,1706264895,1627466547
62918,"0x6eE542368dD6eC349Ef72127A718eED46f3cA215",72822514379,3553583,1706264895,1627466547
24343,"0x55c46C8831da3232dD30188D535ca72B334AB2F2",278033937,3332680,1673605695,1620463443
24343,"0x55c46C8831da3232dD30188D535ca72B334AB2F2",278033937,3332680,1673605695,1620463443
48682,"0xbE70B0152BDAE38417eadbF83E684e5D0D4dB513",285600000,3382434,1625221695,1622028990
48682,"0xbE70B0152BDAE38417eadbF83E684e5D0D4dB513",285600000,3382434,1625221695,1622028990
58163,"0x9e7D354B9c413C9bEDb348955C1B2e29D5e916AA",3292756147,3475161,1627640895,1624990667
58163,"0x9e7D354B9c413C9bEDb348955C1B2e29D5e916AA",3292756147,3475161,1627640895,1624990667
48678,"0xF03a3AAF0a23c8D6240aD5DDCff28fd14099a571",285600000,3382421,1625221695,1622028496
48678,"0xF03a3AAF0a23c8D6240aD5DDCff28fd14099a571",285600000,3382421,1625221695,1622028496
64157,"0x6881Fc865C51f5872cC2f4075d6207DB5644530C",1267783571,3565334,1640946495,1627837165
64157,"0x6881Fc865C51f5872cC2f4075d6207DB5644530C",1267783571,3565334,1640946495,1627837165
59831,"0xA71E8c8eC54888a342586B342c7e86c4646e255f",29155388483,3477609,1655461695,1625066696
59831,"0xA71E8c8eC54888a342586B342c7e86c4646e255f",29155388483,3477609,1655461695,1625066696
13930,"0xD1323574E352512F108e44C23bA21a2280345347",587823544,3301821,1644575295,1619526901
13930,"0xD1323574E352512F108e44C23bA21a2280345347",587823544,3301821,1644575295,1619526901
62491,"0xb4C40C87F222199591835cC8D593D73B880b213E",1968054157,3546374,1642156095,1627238331
62491,"0xb4C40C87F222199591835cC8D593D73B880b213E",1968054157,3546374,1642156095,1627238331
61462,"0xDa43e8D0fc4EA3e1C278C7f81B26cb26287B1D6b",76511496582,3521045,1628850495,1626432524
61462,"0xDa43e8D0fc4EA3e1C278C7f81B26cb26287B1D6b",76511496582,3521045,1628850495,1626432524
62467,"0xf2180Ae98015a7dba61253e617A77Fa2956E0a1C",1785629869,3543367,1638527295,1627143660
62467,"0xf2180Ae98015a7dba61253e617A77Fa2956E0a1C",1785629869,3543367,1638527295,1627143660
7900,"0x89C56adfd2f193e5a5c9534BA6E82B9575957338",124804800000,3264122,1640946495,1618339167
7900,"0x89C56adfd2f193e5a5c9534BA6E82B9575957338",124804800000,3264122,1640946495,1618339167
49987,"0x279c97271d33Db878E4a8232876aD270e66538DF",917800000,3407960,1705055295,1622829927
49987,"0x279c97271d33Db878E4a8232876aD270e66538DF",917800000,3407960,1705055295,1622829927
61512,"0xDe1EcDed11660bcB9315c5ad4d58A000414920Fe",17347209346,3521710,1628850495,1626453652
61512,"0xDe1EcDed11660bcB9315c5ad4d58A000414920Fe",17347209346,3521710,1628850495,1626453652
63150,"0x22F79F80825696164a632429F6D54dAcB00dbB4C",141800000,3559910,1706264895,1627665485
63150,"0x22F79F80825696164a632429F6D54dAcB00dbB4C",141800000,3559910,1706264895,1627665485
56814,"0x9AC00CcbF773160a0db86233ad2072F23A5C6Bae",435762575,3449211,1627640895,1624151872
56814,"0x9AC00CcbF773160a0db86233ad2072F23A5C6Bae",435762575,3449211,1627640895,1624151872
68955,"0xC6D74688e59Cb9Ea1295fBDaCa08e145E605b289",6711097142,3615505,1632479295,1629411397
49787,"0xfE57181ee0a77762b95C3817cCF523235a67deEC",189392575,3406011,1628850495,1622769145
49787,"0xfE57181ee0a77762b95C3817cCF523235a67deEC",189392575,3406011,1628850495,1622769145
48389,"0x4a1BA3f7BEC6dBce47baC2982c4d2Bc185433D7E",8103202112,3376595,1628850495,1621848958
48389,"0x4a1BA3f7BEC6dBce47baC2982c4d2Bc185433D7E",8103202112,3376595,1628850495,1621848958
50836,"0x339B2128EeC6592c5e26D0fE821F952e3bec85C2",2951930977,3422663,1625221695,1623294557
61599,"0x2ffc4f5e24CC13203A3638DbdeBfdE7CA1cB83C0",25786152682,3524184,1706264895,1626531213
60726,"0xb91E1bBB2aFc118DcB4c62B8d58749707c4694F1",775437202,3514451,1627640895,1626224530
60726,"0xb91E1bBB2aFc118DcB4c62B8d58749707c4694F1",775437202,3514451,1627640895,1626224530
48036,"0xc78e7731dA04aA6E6ce730cCA7aaE517523f49df",45632170377,3363339,1633688895,1621425125
48036,"0xc78e7731dA04aA6E6ce730cCA7aaE517523f49df",45632170377,3363339,1633688895,1621425125
57540,"0xCe6208894BCc98c9B00683A5676fd98c9746416e",624254151,3469810,1648204095,1624821874
57540,"0xCe6208894BCc98c9B00683A5676fd98c9746416e",624254151,3469810,1648204095,1624821874
50056,"0x4f7e8446231Fe14656F0e543741F584f9281D55c",20857032543,3408593,1642156095,1622849407
60663,"0x2d2f683F30113F7E9357b5345cA650864028aC95",1335283913,3510878,1702636095,1626110563
60663,"0x2d2f683F30113F7E9357b5345cA650864028aC95",1335283913,3510878,1702636095,1626110563
12842,"0x0C2d955EB4F45C60b3Ea4E1aF7C07DA8E9F00165",428000000,3293598,1626431295,1619274853
12842,"0x0C2d955EB4F45C60b3Ea4E1aF7C07DA8E9F00165",428000000,3293598,1626431295,1619274853
57512,"0x050e4e12B409a13ABF2CD2CFd8a4db6759A4b59f",67109653366,3464395,1625221695,1624648625
67193,"0x5c7595f0038e424a37bd493C96aea874b387c67d",9250000000,3570689,1636108095,1628008352
67193,"0x5c7595f0038e424a37bd493C96aea874b387c67d",9250000000,3570689,1636108095,1628008352
67194,"0x5c7595f0038e424a37bd493C96aea874b387c67d",9370000000,3570695,1636108095,1628008507
67194,"0x5c7595f0038e424a37bd493C96aea874b387c67d",9370000000,3570695,1636108095,1628008507
67195,"0x5c7595f0038e424a37bd493C96aea874b387c67d",9520000000,3570701,1636108095,1628008679
67195,"0x5c7595f0038e424a37bd493C96aea874b387c67d",9520000000,3570701,1636108095,1628008679
67532,"0x5c7595f0038e424a37bd493C96aea874b387c67d",9130000000,3570668,1636108095,1628007599
67196,"0x5c7595f0038e424a37bd493C96aea874b387c67d",9640000000,3570704,1636108095,1628008799
67196,"0x5c7595f0038e424a37bd493C96aea874b387c67d",9640000000,3570704,1636108095,1628008799
57018,"0x60e7a0579b154956bb64F731076A5Cf7602105D0",686027935,3456627,1625221695,1624396341
57018,"0x60e7a0579b154956bb64F731076A5Cf7602105D0",686027935,3456627,1625221695,1624396341
60545,"0x24b7C46e9024f8939C533437c04B842d81277FC0",110675686352,3501190,1628850495,1625804983
60545,"0x24b7C46e9024f8939C533437c04B842d81277FC0",110675686352,3501190,1628850495,1625804983
67193,"0x5c7595f0038e424a37bd493C96aea874b387c67d",9250000000,3570689,1633688895,1628008352
67193,"0x5c7595f0038e424a37bd493C96aea874b387c67d",9250000000,3570689,1633688895,1628008352
67194,"0x5c7595f0038e424a37bd493C96aea874b387c67d",9370000000,3570695,1633688895,1628008507
67194,"0x5c7595f0038e424a37bd493C96aea874b387c67d",9370000000,3570695,1633688895,1628008507
67195,"0x5c7595f0038e424a37bd493C96aea874b387c67d",9520000000,3570701,1633688895,1628008679
67195,"0x5c7595f0038e424a37bd493C96aea874b387c67d",9520000000,3570701,1633688895,1628008679
67532,"0x5c7595f0038e424a37bd493C96aea874b387c67d",9130000000,3570668,1633688895,1628007599
67196,"0x5c7595f0038e424a37bd493C96aea874b387c67d",9640000000,3570704,1633688895,1628008799
67196,"0x5c7595f0038e424a37bd493C96aea874b387c67d",9640000000,3570704,1633688895,1628008799
51464,"0xdd13eB27AF410eA094C2Ac357f1B79b62F738062",436575528,3431365,1626431295,1623574585
51464,"0xdd13eB27AF410eA094C2Ac357f1B79b62F738062",436575528,3431365,1626431295,1623574585
60605,"0x03fF1B9a48FBA6B5D0b6c8Da5cA723471c1C655F",1921629472,3505079,1639736895,1625927581
60605,"0x03fF1B9a48FBA6B5D0b6c8Da5cA723471c1C655F",1921629472,3505079,1639736895,1625927581
14010,"0xa22981B7C5c3d7462E3146652424b429F518E90a",2986047509,3311634,1637317695,1619831571
14010,"0xa22981B7C5c3d7462E3146652424b429F518E90a",2986047509,3311634,1637317695,1619831571
60630,"0x93DaA900b36937b86c7f1653a580C67FBe4D66FA",8791862524,3509319,1633688895,1626060909
60630,"0x93DaA900b36937b86c7f1653a580C67FBe4D66FA",8791862524,3509319,1633688895,1626060909
24326,"0x5caFfb83946156a39B258AaED3727edB1D53297f",5139055932,3332504,1626431295,1620457817
24326,"0x5caFfb83946156a39B258AaED3727edB1D53297f",5139055932,3332504,1626431295,1620457817
50099,"0xb98134a9eB95bC78eEe95F05818CE0CC8697f5f8",9642974527,3409797,1625221695,1622886847
50099,"0xb98134a9eB95bC78eEe95F05818CE0CC8697f5f8",9642974527,3409797,1625221695,1622886847
12615,"0xb98134a9eB95bC78eEe95F05818CE0CC8697f5f8",9642974527,3279798,1625221695,1618847890
12615,"0xb98134a9eB95bC78eEe95F05818CE0CC8697f5f8",9642974527,3279798,1625221695,1618847890
69027,"0x72b58B06AEd8cFf8b5f424F55f7dD6edc955d749",3604000000,3617391,1640946495,1629470858
69024,"0x72b58B06AEd8cFf8b5f424F55f7dD6edc955d749",3748000000,3617383,1640946495,1629470560
69026,"0x72b58B06AEd8cFf8b5f424F55f7dD6edc955d749",3628000000,3617388,1640946495,1629470732
68117,"0xA838387F798671889DfBbb3C7a72E8B39541fDdA",3944199600,3591326,1628850495,1628655981
49603,"0x99f802dfBfC677A4A5818FB85318d4ADa399223a",4231008455,3396737,1625221695,1622473096
49603,"0x99f802dfBfC677A4A5818FB85318d4ADa399223a",4231008455,3396737,1625221695,1622473096
69081,"0x1EEe213155050E6efE37103a82f3C8263ACb1425",725801361,3618326,1632479295,1629500482
48757,"0x93AF7f678c8965f9a6577E890c068cf867076abC",358605131270,3385329,1625221695,1622117874
48757,"0x93AF7f678c8965f9a6577E890c068cf867076abC",358605131270,3385329,1625221695,1622117874
58850,"0xA8DAE124096797D15C4041c43f9F1987B27a5fe7",28740000000,3491113,1627640895,1625489274
58850,"0xA8DAE124096797D15C4041c43f9F1987B27a5fe7",28740000000,3491113,1627640895,1625489274
51021,"0x38046a3da9498C13aE9749c5C3FedF0d4B3e2D42",76300000,3426442,1672396095,1623417477
51021,"0x38046a3da9498C13aE9749c5C3FedF0d4B3e2D42",76300000,3426442,1672396095,1623417477
28545,"0xD547d6eaf4a9213a36A54167E83BC3aBd8DE6B8E",1368032726,3341481,1627640895,1620734028
28545,"0xD547d6eaf4a9213a36A54167E83BC3aBd8DE6B8E",1368032726,3341481,1627640895,1620734028
57543,"0x2913404e9CD1E96AE4CDC6D468836A01a1c0F66c",86370700000,3470412,1650623295,1624841197
57543,"0x2913404e9CD1E96AE4CDC6D468836A01a1c0F66c",86370700000,3470412,1650623295,1624841197
56683,"0xCE5Db5cb0B58F08261D1736C150d9e51248daA4C",13087355512,3444238,1627640895,1623992818
56683,"0xCE5Db5cb0B58F08261D1736C150d9e51248daA4C",13087355512,3444238,1627640895,1623992818
50100,"0x7042cA0C2B96D4Fb57308Bf48BD59c511C3442a9",5676000000,3409844,1627640895,1622888287
50100,"0x7042cA0C2B96D4Fb57308Bf48BD59c511C3442a9",5676000000,3409844,1627640895,1622888287
56541,"0x8D13FdAF3aF04693655B8D429B2d81823Fb486eE",347200000000,3440023,1643365695,1623858322
56541,"0x8D13FdAF3aF04693655B8D429B2d81823Fb486eE",347200000000,3440023,1643365695,1623858322
48684,"0x0b2C327046b9f66E11752d1220bEd0712B0D0188",281100000,3382471,1627640895,1622030116
48684,"0x0b2C327046b9f66E11752d1220bEd0712B0D0188",281100000,3382471,1627640895,1622030116
20236,"0x8aE9e107EAfAd53e536807D0DfC62fA4AF4842e6",937205524,3330093,1640946495,1620380535
20236,"0x8aE9e107EAfAd53e536807D0DfC62fA4AF4842e6",937205524,3330093,1640946495,1620380535
56982,"0x583681dE66498F9EBe611a37c0f53D26fCe8669F",30248046756,3456078,1705055295,1624378924
56982,"0x583681dE66498F9EBe611a37c0f53D26fCe8669F",30248046756,3456078,1705055295,1624378924
49789,"0x62af254964aD0005772C106AE3fc294c3E5b4d83",2380000000,3406107,1625221695,1622772049
49789,"0x62af254964aD0005772C106AE3fc294c3E5b4d83",2380000000,3406107,1625221695,1622772049
50812,"0xaa75B8C9E01Ac2e9Fc041a39D36a6536540B2072",69020000000,3421880,1626431295,1623268767
50967,"0x25F6A545F00FbC14F7619179f4C3c06ae3a32875",3664252619,3424218,1633688895,1623345728
50967,"0x25F6A545F00FbC14F7619179f4C3c06ae3a32875",3664252619,3424218,1633688895,1623345728
48672,"0x5FF09C6DCa8aF94F89d1E0f1dB542D2293CDd4B4",285600000,3382379,1625221695,1622027374
48672,"0x5FF09C6DCa8aF94F89d1E0f1dB542D2293CDd4B4",285600000,3382379,1625221695,1622027374
51507,"0x302b4A8fc3dF2E2907Ba46b1508FE067a134644D",83723789,3434608,1705055295,1623679398
51507,"0x302b4A8fc3dF2E2907Ba46b1508FE067a134644D",83723789,3434608,1705055295,1623679398
43855,"0x7CfF107562C41E0D74880f9718ee4e0e5756C5df",432554208,3355501,1642156095,1621173833
43855,"0x7CfF107562C41E0D74880f9718ee4e0e5756C5df",432554208,3355501,1642156095,1621173833
43852,"0xd14b85B0a9aca1e23574E1a9C150AF78576D5a82",236500000,3355480,1625221695,1621173255
43852,"0xd14b85B0a9aca1e23574E1a9C150AF78576D5a82",236500000,3355480,1625221695,1621173255
28475,"0x5a127d889a5840eE8D484F84D988821775472040",26040000000,3339558,1640946495,1620674820
28475,"0x5a127d889a5840eE8D484F84D988821775472040",26040000000,3339558,1640946495,1620674820
68807,"0x87bE84F86D81eD96f157293c9E91a2f50A5F3634",20088331963,3609617,1644575295,1629229206
62329,"0x0A748239B04ee94F89cE915a5DA44B97CBFeE656",126709019,3535672,1707474495,1626897467
8891,"0x6C3FD90B8859ffE91668A3BB1D8aFF85B988049a",34240000000,3271380,1640946495,1618582009
8891,"0x6C3FD90B8859ffE91668A3BB1D8aFF85B988049a",34240000000,3271380,1640946495,1618582009
56951,"0xEcc03538d9Af264725dABd36417441F7971c91F6",9380855957,3455390,1630060095,1624355925
56951,"0xEcc03538d9Af264725dABd36417441F7971c91F6",9380855957,3455390,1630060095,1624355925
50839,"0x74D584565DcA4Bc3a026C1cA65722e6E0097f162",18228678,3422816,1640946495,1623299637
50839,"0x74D584565DcA4Bc3a026C1cA65722e6E0097f162",18228678,3422816,1640946495,1623299637
58780,"0x06Ff58b214090c23D4FB56644B8B01538de3495D",28740000000,3491108,1627640895,1625489090
58780,"0x06Ff58b214090c23D4FB56644B8B01538de3495D",28740000000,3491108,1627640895,1625489090
49615,"0xc6EC292485F8392e0890B1D5E4ac571816A12D5d",2793000000,3397054,1628850495,1622483053
49615,"0xc6EC292485F8392e0890B1D5E4ac571816A12D5d",2793000000,3397054,1628850495,1622483053
48307,"0xC6EEd518b74158dddC2BEF7619E4b4E5EF379286",2117758043,3371348,1638527295,1621686571
48307,"0xC6EEd518b74158dddC2BEF7619E4b4E5EF379286",2117758043,3371348,1638527295,1621686571
57480,"0x990CDC924755c998Ad8BEC04da91d658306E109D",6025760128,3461222,1674815295,1624545286
57480,"0x990CDC924755c998Ad8BEC04da91d658306E109D",6025760128,3461222,1674815295,1624545286
34700,"0xE7551DE79A7ec7991128531b4a7a84E3F57C2A15",1113320410,3344280,1642156095,1620820047
34700,"0xE7551DE79A7ec7991128531b4a7a84E3F57C2A15",1113320410,3344280,1642156095,1620820047
48562,"0x4De4EF28Db8893C16DEa9E791E7aF50e68918A0E",7097944000,3377922,1628850495,1621889841
48562,"0x4De4EF28Db8893C16DEa9E791E7aF50e68918A0E",7097944000,3377922,1628850495,1621889841
61439,"0x5aFdd9F9DE393010AA8C3aDbf04242e06e62De01",7218139649,3518734,1626431295,1626360471
56546,"0x6Cd33D7653D8BcC657640C7E06Be8602BD7b2266",8613700589,3440304,1627640895,1623867700
56979,"0xFbeC2c5cbB8bf4179E605520c6Be48D75ED5dF81",1785131830,3455967,1633688895,1624375373
56979,"0xFbeC2c5cbB8bf4179E605520c6Be48D75ED5dF81",1785131830,3455967,1633688895,1624375373
60516,"0x7235e7c2B191c6D0dc328BF19f4A1B211f0C9d1f",10110051658,3499423,1632479295,1625749466
60516,"0x7235e7c2B191c6D0dc328BF19f4A1B211f0C9d1f",10110051658,3499423,1632479295,1625749466
48948,"0x934AA6f416Ac197F4133efa4fb3B900d80Ab6D20",17281457230,3386492,1643365695,1622156860
48948,"0x934AA6f416Ac197F4133efa4fb3B900d80Ab6D20",17281457230,3386492,1643365695,1622156860
49655,"0xf63a521ad77803a3b5f92EDdb4613D719d32448a",119979906969,3399946,1632479295,1622576331
49655,"0xf63a521ad77803a3b5f92EDdb4613D719d32448a",119979906969,3399946,1632479295,1622576331
48426,"0xd3c045C4E0428a0593AD3cf10576a16d21ef7c0f",37480000000,3376821,1627640895,1621856392
48426,"0xd3c045C4E0428a0593AD3cf10576a16d21ef7c0f",37480000000,3376821,1627640895,1621856392
67193,"0x5c7595f0038e424a37bd493C96aea874b387c67d",9250000000,3570689,1631269695,1628008352
67193,"0x5c7595f0038e424a37bd493C96aea874b387c67d",9250000000,3570689,1631269695,1628008352
67194,"0x5c7595f0038e424a37bd493C96aea874b387c67d",9370000000,3570695,1631269695,1628008507
67194,"0x5c7595f0038e424a37bd493C96aea874b387c67d",9370000000,3570695,1631269695,1628008507
67195,"0x5c7595f0038e424a37bd493C96aea874b387c67d",9520000000,3570701,1631269695,1628008679
67195,"0x5c7595f0038e424a37bd493C96aea874b387c67d",9520000000,3570701,1631269695,1628008679
67532,"0x5c7595f0038e424a37bd493C96aea874b387c67d",9130000000,3570668,1631269695,1628007599
67196,"0x5c7595f0038e424a37bd493C96aea874b387c67d",9640000000,3570704,1631269695,1628008799
67196,"0x5c7595f0038e424a37bd493C96aea874b387c67d",9640000000,3570704,1631269695,1628008799
63473,"0x8f4030D8503f30aCc1246a63bBf06D380705c183",74500000,3565616,1683282495,1627846175
63473,"0x8f4030D8503f30aCc1246a63bBf06D380705c183",74500000,3565616,1683282495,1627846175
63472,"0x8f4030D8503f30aCc1246a63bBf06D380705c183",78700000,3565614,1683282495,1627846115
63472,"0x8f4030D8503f30aCc1246a63bBf06D380705c183",78700000,3565614,1683282495,1627846115
63471,"0x8f4030D8503f30aCc1246a63bBf06D380705c183",84700000,3565611,1683282495,1627846051
63471,"0x8f4030D8503f30aCc1246a63bBf06D380705c183",84700000,3565611,1683282495,1627846051
63470,"0x8f4030D8503f30aCc1246a63bBf06D380705c183",91900000,3565609,1683282495,1627846027
63470,"0x8f4030D8503f30aCc1246a63bBf06D380705c183",91900000,3565609,1683282495,1627846027
49604,"0x611C07e04ca7D777316008797975F82b0507e06f",65959412756,3396775,1626431295,1622474284
58178,"0x669121522AEf644a79342007133d033c04Cb39be",522827090,3476785,1627640895,1625040837
58178,"0x669121522AEf644a79342007133d033c04Cb39be",522827090,3476785,1627640895,1625040837
56963,"0x3BF76665B8f364B285B391Bb9fCf17dd10d2F427",837113095,3455786,1627640895,1624368950
56963,"0x3BF76665B8f364B285B391Bb9fCf17dd10d2F427",837113095,3455786,1627640895,1624368950
8427,"0x4E132ac3bAF0C9Df73A9157cD4606D068390EcDC",17454247124,3264325,1642156095,1618346823
8427,"0x4E132ac3bAF0C9Df73A9157cD4606D068390EcDC",17454247124,3264325,1642156095,1618346823
50037,"0x461d382B594b09B1A740F6264fE939f79b5e8deE",4235000000,3408380,1648204095,1622842996
56675,"0xACEa9Ccf23Ebdc736EFB1Dddc7D6F1737d1dDE57",32585000000,3443102,1630060095,1623956508
56675,"0xACEa9Ccf23Ebdc736EFB1Dddc7D6F1737d1dDE57",32585000000,3443102,1630060095,1623956508
56674,"0xACEa9Ccf23Ebdc736EFB1Dddc7D6F1737d1dDE57",33320000000,3443099,1630060095,1623956427
56674,"0xACEa9Ccf23Ebdc736EFB1Dddc7D6F1737d1dDE57",33320000000,3443099,1630060095,1623956427
57486,"0x221aD01bF490849C1a13058a7079cbF7632a6cc6",3503176000,3461455,1625221695,1624553352
57486,"0x221aD01bF490849C1a13058a7079cbF7632a6cc6",3503176000,3461455,1625221695,1624553352
68777,"0x4178466FD56f3593B3E1b11a54e4014491F3599A",9461115260,3608956,1638527295,1629208096
60629,"0x2ca26038b680F03c970b044301AbaDf99a0f2802",25722472307,3508740,1642156095,1626041769
60629,"0x2ca26038b680F03c970b044301AbaDf99a0f2802",25722472307,3508740,1642156095,1626041769
13669,"0xf63a521ad77803a3b5f92EDdb4613D719d32448a",135575660637,3284905,1626431295,1619009103
13669,"0xf63a521ad77803a3b5f92EDdb4613D719d32448a",135575660637,3284905,1626431295,1619009103
63473,"0x8f4030D8503f30aCc1246a63bBf06D380705c183",74500000,3565616,1651832895,1627846175
63473,"0x8f4030D8503f30aCc1246a63bBf06D380705c183",74500000,3565616,1651832895,1627846175
63472,"0x8f4030D8503f30aCc1246a63bBf06D380705c183",78700000,3565614,1651832895,1627846115
63472,"0x8f4030D8503f30aCc1246a63bBf06D380705c183",78700000,3565614,1651832895,1627846115
63471,"0x8f4030D8503f30aCc1246a63bBf06D380705c183",84700000,3565611,1651832895,1627846051
63471,"0x8f4030D8503f30aCc1246a63bBf06D380705c183",84700000,3565611,1651832895,1627846051
63470,"0x8f4030D8503f30aCc1246a63bBf06D380705c183",91900000,3565609,1651832895,1627846027
63470,"0x8f4030D8503f30aCc1246a63bBf06D380705c183",91900000,3565609,1651832895,1627846027
57787,"0xBa63F649170B3045ba59Bf4Bd923373aF89E3Bf1",2709070191,3472603,1642156095,1624910210
57787,"0xBa63F649170B3045ba59Bf4Bd923373aF89E3Bf1",2709070191,3472603,1642156095,1624910210
68887,"0xE8142190989d38ec80001860a2d83Bd15b931947",6269515201,3612177,1678444095,1629309056
48384,"0x0bBf7580e036eA5D69ABe679CC90117EeC2e3dc1",47100232857,3375716,1628850495,1621821605
48384,"0x0bBf7580e036eA5D69ABe679CC90117EeC2e3dc1",47100232857,3375716,1628850495,1621821605
57539,"0x4DB4b435b6174dEE4745891a5ad91f4ae9F2c97f",9460000000,3469680,1628850495,1624817634
57539,"0x4DB4b435b6174dEE4745891a5ad91f4ae9F2c97f",9460000000,3469680,1628850495,1624817634
49861,"0xb0c5484fa97f3c531DF49fE230ABfD511CfC17cF",4436745781,3407214,1636108095,1622805980
49861,"0xb0c5484fa97f3c531DF49fE230ABfD511CfC17cF",4436745781,3407214,1636108095,1622805980
62993,"0x893872a463D44121118323c12A5bB69bC1161330",2337387017,3555985,1648204095,1627542751
62993,"0x893872a463D44121118323c12A5bB69bC1161330",2337387017,3555985,1648204095,1627542751
58997,"0x3f10aa7B6C135E78BBBc572f139360362E063e3b",19160000000,3491946,1627640895,1625515802
58997,"0x3f10aa7B6C135E78BBBc572f139360362E063e3b",19160000000,3491946,1627640895,1625515802
63005,"0x150c826D4992f815aBB2C8548B0BdB51801489d7",5219210550,3557451,1628850495,1627587819
63005,"0x150c826D4992f815aBB2C8548B0BdB51801489d7",5219210550,3557451,1628850495,1627587819
59846,"0x8fA04d50aBba8d888bbBe57459Dde52aBE97F83A",482000000,3480301,1625221695,1625148032
59846,"0x8fA04d50aBba8d888bbBe57459Dde52aBE97F83A",482000000,3480301,1625221695,1625148032
68737,"0x8aa4785E233167e16F94676c38491B1391d40fa7",58275000000,3607870,1637317695,1629174126
8869,"0x3746754436b9Fef1FBe0c126E4d49D030A486dfd",2793000000,3271194,1626431295,1618575472
8869,"0x3746754436b9Fef1FBe0c126E4d49D030A486dfd",2793000000,3271194,1626431295,1618575472
49662,"0x3746754436b9Fef1FBe0c126E4d49D030A486dfd",2838000000,3401404,1626431295,1622623610
49662,"0x3746754436b9Fef1FBe0c126E4d49D030A486dfd",2838000000,3401404,1626431295,1622623610
48406,"0xfDAF8Ad8296Ff2fa8406f5A78816c03270Cfab19",2981800000,3376759,1626431295,1621854387
48406,"0xfDAF8Ad8296Ff2fa8406f5A78816c03270Cfab19",2981800000,3376759,1626431295,1621854387
8981,"0x5f2fde9F738f6872b8Cb2CB55e3d8DDCE27f01ff",7442613776,3275672,1682072895,1618717849
8981,"0x5f2fde9F738f6872b8Cb2CB55e3d8DDCE27f01ff",7442613776,3275672,1682072895,1618717849
49551,"0x9E0dB78968F9aECa2fB82A59601D0465510CB98A",22810677629,3395733,1626431295,1622441390
49551,"0x9E0dB78968F9aECa2fB82A59601D0465510CB98A",22810677629,3395733,1626431295,1622441390
50270,"0x0A754Ffac819F6e362f91b20E0F43Cb5d4854Fee",23718795048,3415624,1627640895,1623064876
48673,"0x3631F0C202d9913042c5df747E67ea12D5b5c31D",285600000,3382382,1625221695,1622027439
48673,"0x3631F0C202d9913042c5df747E67ea12D5b5c31D",285600000,3382382,1625221695,1622027439
67998,"0x9a7008866C1C1a22d3FABc381ADaDB5b15395Eb3",37000000000,3586528,1627640895,1628505199
68056,"0x9a7008866C1C1a22d3FABc381ADaDB5b15395Eb3",37000000000,3589364,1627640895,1628594001
68248,"0x9a7008866C1C1a22d3FABc381ADaDB5b15395Eb3",37000000000,3596271,1627640895,1628811549
57538,"0x4747746Ba40041D3d5833cbDec4026Dc14E4b0bf",2086100000,3469644,1636108095,1624816443
48842,"0xda3015Fcbe4aac36eC39d43d44aFA2cE94f66067",281100000,3382746,1627640895,1622038371
48842,"0xda3015Fcbe4aac36eC39d43d44aFA2cE94f66067",281100000,3382746,1627640895,1622038371
60502,"0x996EeC5A4E8Ae40fB514521C74904a606507fEE6",115680000000,3498662,1626431295,1625725346
60502,"0x996EeC5A4E8Ae40fB514521C74904a606507fEE6",115680000000,3498662,1626431295,1625725346
48038,"0xd8E436cafc5Eac3037Dc12AF5A641B59747B4EA1",36631128228,3363463,1637317695,1621429184
48038,"0xd8E436cafc5Eac3037Dc12AF5A641B59747B4EA1",36631128228,3363463,1637317695,1621429184
20163,"0x23Fb8B180dCC53432Ebf0A7dAfd25Bb5Ae6127A0",64330,3321857,1628850495,1620134342
20163,"0x23Fb8B180dCC53432Ebf0A7dAfd25Bb5Ae6127A0",64330,3321857,1628850495,1620134342
50036,"0x461d382B594b09B1A740F6264fE939f79b5e8deE",3604000000,3408377,1636108095,1622842926
49790,"0xcDC2e159314341Dd4e90e10E46a1965FB5845D61",4760000000,3406356,1625221695,1622779506
49790,"0xcDC2e159314341Dd4e90e10E46a1965FB5845D61",4760000000,3406356,1625221695,1622779506
68525,"0x722FEAb91c7484C66DA25251b40E63254ccC4663",3414675874,3601396,1633688895,1628971691
956,"0x4e22D075361767eFa9EacB1f7187AF8faB12628f",23752054231,3245189,1625221695,1617725029
956,"0x4e22D075361767eFa9EacB1f7187AF8faB12628f",23752054231,3245189,1625221695,1617725029
50980,"0x44392e10b6F672E00350F166e1e6573710EbaBa1",1339414386,3424370,1645784895,1623350647
50980,"0x44392e10b6F672E00350F166e1e6573710EbaBa1",1339414386,3424370,1645784895,1623350647
63010,"0xCa3A06a5c7c75b68b8203290AF83af5695ef8435",1334483329,3558099,1653042495,1627607978
63010,"0xCa3A06a5c7c75b68b8203290AF83af5695ef8435",1334483329,3558099,1653042495,1627607978
49553,"0x774CbF99cB83Ce2b376A473Aca2592baa722FAe8",1127524148,3395806,1630060095,1622443458
49553,"0x774CbF99cB83Ce2b376A473Aca2592baa722FAe8",1127524148,3395806,1630060095,1622443458
63473,"0x8f4030D8503f30aCc1246a63bBf06D380705c183",74500000,3565616,1668767295,1627846175
63473,"0x8f4030D8503f30aCc1246a63bBf06D380705c183",74500000,3565616,1668767295,1627846175
63472,"0x8f4030D8503f30aCc1246a63bBf06D380705c183",78700000,3565614,1668767295,1627846115
63472,"0x8f4030D8503f30aCc1246a63bBf06D380705c183",78700000,3565614,1668767295,1627846115
63471,"0x8f4030D8503f30aCc1246a63bBf06D380705c183",84700000,3565611,1668767295,1627846051
63471,"0x8f4030D8503f30aCc1246a63bBf06D380705c183",84700000,3565611,1668767295,1627846051
63470,"0x8f4030D8503f30aCc1246a63bBf06D380705c183",91900000,3565609,1668767295,1627846027
63470,"0x8f4030D8503f30aCc1246a63bBf06D380705c183",91900000,3565609,1668767295,1627846027
20164,"0x821D13D1F349E13622d93f7CcA158D02dC355636",7011869827,3321932,1649413695,1620136574
20164,"0x821D13D1F349E13622d93f7CcA158D02dC355636",7011869827,3321932,1649413695,1620136574
49666,"0x567DCF167e71B23988F7D6A9949c99bB9d7403Da",335332952,3401574,1645784895,1622629143
49666,"0x567DCF167e71B23988F7D6A9949c99bB9d7403Da",335332952,3401574,1645784895,1622629143
56864,"0x48dE8Cd7F7fAE1630be0C909Ad29744ED039F2A1",116577417500,3452503,1642156095,1624259238
56864,"0x48dE8Cd7F7fAE1630be0C909Ad29744ED039F2A1",116577417500,3452503,1642156095,1624259238
48321,"0xD4F0A5aa83f51D3AbF4136FfC70438A43eeACDB8",101795097069,3372150,1625221695,1621710429
48321,"0xD4F0A5aa83f51D3AbF4136FfC70438A43eeACDB8",101795097069,3372150,1625221695,1621710429
62276,"0x8b44D5Cc61750e94255E14C1c39F41256210646c",471748661,3533171,1634898495,1626818998
62276,"0x8b44D5Cc61750e94255E14C1c39F41256210646c",471748661,3533171,1634898495,1626818998
67193,"0x5c7595f0038e424a37bd493C96aea874b387c67d",9250000000,3570689,1638527295,1628008352
67193,"0x5c7595f0038e424a37bd493C96aea874b387c67d",9250000000,3570689,1638527295,1628008352
67194,"0x5c7595f0038e424a37bd493C96aea874b387c67d",9370000000,3570695,1638527295,1628008507
67194,"0x5c7595f0038e424a37bd493C96aea874b387c67d",9370000000,3570695,1638527295,1628008507
67195,"0x5c7595f0038e424a37bd493C96aea874b387c67d",9520000000,3570701,1638527295,1628008679
67195,"0x5c7595f0038e424a37bd493C96aea874b387c67d",9520000000,3570701,1638527295,1628008679
67532,"0x5c7595f0038e424a37bd493C96aea874b387c67d",9130000000,3570668,1638527295,1628007599
67196,"0x5c7595f0038e424a37bd493C96aea874b387c67d",9640000000,3570704,1638527295,1628008799
67196,"0x5c7595f0038e424a37bd493C96aea874b387c67d",9640000000,3570704,1638527295,1628008799
8019,"0x7A96D864d3c02DFc3aD640ed4fA5df2366d2903b",270234182415,3265138,1636108095,1618373951
8019,"0x7A96D864d3c02DFc3aD640ed4fA5df2366d2903b",270234182415,3265138,1636108095,1618373951
48683,"0x0573608f3C168CDcae2e8405362ffe466fA09F9d",285600000,3382459,1625221695,1622029805
48683,"0x0573608f3C168CDcae2e8405362ffe466fA09F9d",285600000,3382459,1625221695,1622029805
56447,"0x323d53A492A0d134c6394F1053aDE85DCeD9e0cd",93239894,3438059,1655461695,1623792847
56447,"0x323d53A492A0d134c6394F1053aDE85DCeD9e0cd",93239894,3438059,1655461695,1623792847
50832,"0x3e6C38Be1376B0307254Ae6afE07588680D339fE",1090448897,3422471,1626431295,1623288426
50832,"0x3e6C38Be1376B0307254Ae6afE07588680D339fE",1090448897,3422471,1626431295,1623288426
48513,"0x1474446e27AE004bB77bCB4B2fEa64dBdB476491",437813318,3377381,1650623295,1621873448
48513,"0x1474446e27AE004bB77bCB4B2fEa64dBdB476491",437813318,3377381,1650623295,1621873448
56563,"0x31100Aae76845dE42DAED88f78f3Da81D8BF6Ce8",122396202512,3442814,1651832895,1623946762
56563,"0x31100Aae76845dE42DAED88f78f3Da81D8BF6Ce8",122396202512,3442814,1651832895,1623946762
48023,"0xD1Bd879CDc94A6ec3e2426f5bfb7f53b497f48aF",179000000,3362544,1634898495,1621399084
48023,"0xD1Bd879CDc94A6ec3e2426f5bfb7f53b497f48aF",179000000,3362544,1634898495,1621399084
56463,"0x0fD520F8f90d4842663951655eD909826fc9E908",9460035395,3439756,1627640895,1623848756
48948,"0x934AA6f416Ac197F4133efa4fb3B900d80Ab6D20",17281457230,3386492,1674815295,1622156860
48948,"0x934AA6f416Ac197F4133efa4fb3B900d80Ab6D20",17281457230,3386492,1674815295,1622156860
50137,"0xB11dF61B3508aC8BC6f1790383A75Fa20Bf720b1",22030958822,3410759,1640946495,1622916088
50137,"0xB11dF61B3508aC8BC6f1790383A75Fa20Bf720b1",22030958822,3410759,1640946495,1622916088
48544,"0x4e6f47a7cc59F3dd59aFa293Ee6B46d14f6e6D7b",4362697730,3377771,1632479295,1621885205
48544,"0x4e6f47a7cc59F3dd59aFa293Ee6B46d14f6e6D7b",4362697730,3377771,1632479295,1621885205
48670,"0x82180d455867f84E59Fa07C42E06BB2D3788186f",7088921038,3382270,1707474495,1622023969
48670,"0x82180d455867f84E59Fa07C42E06BB2D3788186f",7088921038,3382270,1707474495,1622023969
48949,"0xAD7D3415B830a09f2F1F57a54cC2B7dA201eb988",72206244864,3386555,1707474495,1622158716
48949,"0xAD7D3415B830a09f2F1F57a54cC2B7dA201eb988",72206244864,3386555,1707474495,1622158716
49521,"0x5c3aaC3B13Ae184EA1E8F35fC5d91C0cCE331675",1551700338,3390716,1625221695,1622286382
49521,"0x5c3aaC3B13Ae184EA1E8F35fC5d91C0cCE331675",1551700338,3390716,1625221695,1622286382
49369,"0xeC4b34b5edC8B6Fa147915288086CEa3ea806728",285600000,3382412,1625221695,1622028270
49369,"0xeC4b34b5edC8B6Fa147915288086CEa3ea806728",285600000,3382412,1625221695,1622028270
57001,"0x452eEF5b538e3FEd4fCa31326678a0a51e0E335D",14792772697,3456378,1628850495,1624388450
57001,"0x452eEF5b538e3FEd4fCa31326678a0a51e0E335D",14792772697,3456378,1628850495,1624388450
48407,"0xfDAF8Ad8296Ff2fa8406f5A78816c03270Cfab19",2906812910,3376761,1640946495,1621854434
48407,"0xfDAF8Ad8296Ff2fa8406f5A78816c03270Cfab19",2906812910,3376761,1640946495,1621854434
48966,"0x1B68f6eC8D2dAd0c3e84b975d37c105BDE2d3b4F",28157619809,3387696,1625221695,1622193347
48966,"0x1B68f6eC8D2dAd0c3e84b975d37c105BDE2d3b4F",28157619809,3387696,1625221695,1622193347
28527,"0x9f05908720Bf143b1363D1EA1C3Ab1B180499f2a",504442298,3340989,1706264895,1620718434
28527,"0x9f05908720Bf143b1363D1EA1C3Ab1B180499f2a",504442298,3340989,1706264895,1620718434
59174,"0xE6D28ABf7E4FA112d4D00Ea4Fb01E675d24C0306",3380355716,3494347,1626431295,1625592281
59174,"0xE6D28ABf7E4FA112d4D00Ea4Fb01E675d24C0306",3380355716,3494347,1626431295,1625592281
63473,"0x8f4030D8503f30aCc1246a63bBf06D380705c183",74500000,3565616,1637317695,1627846175
63473,"0x8f4030D8503f30aCc1246a63bBf06D380705c183",74500000,3565616,1637317695,1627846175
63472,"0x8f4030D8503f30aCc1246a63bBf06D380705c183",78700000,3565614,1637317695,1627846115
63472,"0x8f4030D8503f30aCc1246a63bBf06D380705c183",78700000,3565614,1637317695,1627846115
63471,"0x8f4030D8503f30aCc1246a63bBf06D380705c183",84700000,3565611,1637317695,1627846051
63471,"0x8f4030D8503f30aCc1246a63bBf06D380705c183",84700000,3565611,1637317695,1627846051
63470,"0x8f4030D8503f30aCc1246a63bBf06D380705c183",91900000,3565609,1637317695,1627846027
63470,"0x8f4030D8503f30aCc1246a63bBf06D380705c183",91900000,3565609,1637317695,1627846027
38807,"0x448e50775903409F7C24aEec97F641d788825E41",3765468513,3348428,1684492095,1620951343
38807,"0x448e50775903409F7C24aEec97F641d788825E41",3765468513,3348428,1684492095,1620951343
59086,"0xFAf05c84dc72Ca29756DA16C5fEa5f701195cDf7",28740000000,3493341,1627640895,1625558803
59086,"0xFAf05c84dc72Ca29756DA16C5fEa5f701195cDf7",28740000000,3493341,1627640895,1625558803
50316,"0x62b95432f8aA1001ece13FA5986060cDFC134194",1747354112,3416098,1626431295,1623081014
50316,"0x62b95432f8aA1001ece13FA5986060cDFC134194",1747354112,3416098,1626431295,1623081014
57503,"0x15FFe1327ce436c5449692481b3B5E06477A861E",372500000,3463925,1680863295,1624633292
57503,"0x15FFe1327ce436c5449692481b3B5E06477A861E",372500000,3463925,1680863295,1624633292
58779,"0xe065a0540e3E22816bE982145e438a92B0D2B591",28740000000,3491107,1627640895,1625489037
58779,"0xe065a0540e3E22816bE982145e438a92B0D2B591",28740000000,3491107,1627640895,1625489037
50752,"0x385638552E5ac8C1b9761B8C345A56a645183529",2134240280,3420821,1706264895,1623232157
50752,"0x385638552E5ac8C1b9761B8C345A56a645183529",2134240280,3420821,1706264895,1623232157
67217,"0xA1799Ea093AD5C26A8343b5a8F91Fb039891704F",611578080,3571052,1640946495,1628020006
67217,"0xA1799Ea093AD5C26A8343b5a8F91Fb039891704F",611578080,3571052,1640946495,1628020006
55514,"0x00BBcf5Bb0fffA1a381D883DDC5d1Fbc139afd25",949900000,3406325,1651832895,1622778666
55514,"0x00BBcf5Bb0fffA1a381D883DDC5d1Fbc139afd25",949900000,3406325,1651832895,1622778666
48021,"0xa0697b8945C67A7F635eAb1191963084D583B4c5",25813650000,3361734,1633688895,1621372282
48021,"0xa0697b8945C67A7F635eAb1191963084D583B4c5",25813650000,3361734,1633688895,1621372282
67613,"0x5A06D25E3b773Dc26AE7979fe95e929E30E9Ac74",62844800000,3573096,1630060095,1628083709
13943,"0x4ea80c0f2fbf02a011530CEF7fD0aa024b345290",1645463541,3302572,1640946495,1619549345
13943,"0x4ea80c0f2fbf02a011530CEF7fD0aa024b345290",1645463541,3302572,1640946495,1619549345
56412,"0xB5c24728cfE6acC172C47F664fD1A0975f124919",287400000,3435507,1625221695,1623710647
56412,"0xB5c24728cfE6acC172C47F664fD1A0975f124919",287400000,3435507,1625221695,1623710647
63007,"0x22F79F80825696164a632429F6D54dAcB00dbB4C",7060000000,3557902,1662719295,1627601831
63007,"0x22F79F80825696164a632429F6D54dAcB00dbB4C",7060000000,3557902,1662719295,1627601831
20144,"0xCe58e2e708f1118715e3028B7F220F07cA84B48D",4730000000,3319673,1630060095,1620070457
20144,"0xCe58e2e708f1118715e3028B7F220F07cA84B48D",4730000000,3319673,1630060095,1620070457
48020,"0xa0697b8945C67A7F635eAb1191963084D583B4c5",9370000000,3361732,1626431295,1621372217
48020,"0xa0697b8945C67A7F635eAb1191963084D583B4c5",9370000000,3361732,1626431295,1621372217
49664,"0x567DCF167e71B23988F7D6A9949c99bB9d7403Da",1080227245,3401567,1644575295,1622628936
49664,"0x567DCF167e71B23988F7D6A9949c99bB9d7403Da",1080227245,3401567,1644575295,1622628936
51233,"0x6206A075639B2eCeD6afF65e4F9859C44b0dC1D4",1231771486,3427485,1707474495,1623451413
51233,"0x6206A075639B2eCeD6afF65e4F9859C44b0dC1D4",1231771486,3427485,1707474495,1623451413
62229,"0xc22dB8Ff332B8F553e9C9d22FCf60b615597cF56",24206000000,3531866,1633688895,1626776588
62229,"0xc22dB8Ff332B8F553e9C9d22FCf60b615597cF56",24206000000,3531866,1633688895,1626776588
49555,"0x75d53Cc46045d5bF25Eadd70b33E9d949d45b132",72146965,3395916,1637317695,1622447094
49555,"0x75d53Cc46045d5bF25Eadd70b33E9d949d45b132",72146965,3395916,1637317695,1622447094
13946,"0x3323E39d6B26bb67e9BF5E224A0bEe673C2DA145",1930011169,3303175,1627640895,1619567801
13946,"0x3323E39d6B26bb67e9BF5E224A0bEe673C2DA145",1930011169,3303175,1627640895,1619567801
38793,"0x136A9226EFe72F1d44Da62A9D7E024917E743951",224400000,3346016,1676024895,1620875087
38793,"0x136A9226EFe72F1d44Da62A9D7E024917E743951",224400000,3346016,1676024895,1620875087
60509,"0x54eb06d990dd42acA18CfD05C2736adF2299a412",1919674831,3499207,1627640895,1625742401
60509,"0x54eb06d990dd42acA18CfD05C2736adF2299a412",1919674831,3499207,1627640895,1625742401
50394,"0x546fbfdA0307B40D32643b6ACA7fB36936E367c7",49626000000,3416886,1632479295,1623106866
48968,"0x052e0b2615dc9ca10aC3644a796BBE5Cb8b78d1A",1620482484,3387721,1633688895,1622194125
48968,"0x052e0b2615dc9ca10aC3644a796BBE5Cb8b78d1A",1620482484,3387721,1633688895,1622194125
50481,"0x5f1e98dEe3a55BbE45922112eB6f29e4ba9b32EB",87700000000,3419163,1640946495,1623179250
50481,"0x5f1e98dEe3a55BbE45922112eB6f29e4ba9b32EB",87700000000,3419163,1640946495,1623179250
61468,"0xDa43e8D0fc4EA3e1C278C7f81B26cb26287B1D6b",49889542309,3521066,1632479295,1626433218
61468,"0xDa43e8D0fc4EA3e1C278C7f81B26cb26287B1D6b",49889542309,3521066,1632479295,1626433218
58988,"0x6ba9C5AE4B6cf74A6baB89Ef980E0E47BB4Cf7aC",28740000000,3491842,1627640895,1625512559
58988,"0x6ba9C5AE4B6cf74A6baB89Ef980E0E47BB4Cf7aC",28740000000,3491842,1627640895,1625512559
50768,"0xd4F369bB8C185A5065Bd67b345e57fe1277E1D6f",10981676536,3421170,1630060095,1623244267
59175,"0xE6D28ABf7E4FA112d4D00Ea4Fb01E675d24C0306",958000000,3494347,1627640895,1625592281
59175,"0xE6D28ABf7E4FA112d4D00Ea4Fb01E675d24C0306",958000000,3494347,1627640895,1625592281
56413,"0xB5c24728cfE6acC172C47F664fD1A0975f124919",388510766,3435510,1628850495,1623710736
50445,"0x4D865A198984C636410d1f367fE3197904dD79b6",8770000000,3418335,1640946495,1623153022
50445,"0x4D865A198984C636410d1f367fE3197904dD79b6",8770000000,3418335,1640946495,1623153022
56959,"0xeb8Ce05c00D87f58fD47647faf21D44b0D4EE869",3163500000,3455720,1632479295,1624366640
8068,"0x32431e2aa82157B975704d6dc902b8583977476a",10430876129,3265795,1626431295,1618395647
8068,"0x32431e2aa82157B975704d6dc902b8583977476a",10430876129,3265795,1626431295,1618395647
50177,"0x922d372FD2331b736214248202EE7d053494f4E4",683827863,3412474,1625221695,1622968646
50177,"0x922d372FD2331b736214248202EE7d053494f4E4",683827863,3412474,1625221695,1622968646
56974,"0x93af03366338003017c669B7fd20e34172BfDe79",20662200000,3455934,1640946495,1624374230
56974,"0x93af03366338003017c669B7fd20e34172BfDe79",20662200000,3455934,1640946495,1624374230
49624,"0x76Fe006F5A82968089cCb0cA39D35290daeFad8D",2775000000,3397161,1630060095,1622486312
49624,"0x76Fe006F5A82968089cCb0cA39D35290daeFad8D",2775000000,3397161,1630060095,1622486312
57500,"0x72a5f05f307df02ba8CBB7e2db5561173FceDf3a",96400000,3463847,1625221695,1624630512
57500,"0x72a5f05f307df02ba8CBB7e2db5561173FceDf3a",96400000,3463847,1625221695,1624630512
57565,"0x8525B969c183dE53F67D0b723d1aa9448E630044",746323655,3472949,1631269695,1624920806
57565,"0x8525B969c183dE53F67D0b723d1aa9448E630044",746323655,3472949,1631269695,1624920806
56750,"0x3028e0653ff6A08e93B594F1C99652feF548e0ad",4730000000,3445900,1628850495,1624047416
56750,"0x3028e0653ff6A08e93B594F1C99652feF548e0ad",4730000000,3445900,1628850495,1624047416
48529,"0x1474446e27AE004bB77bCB4B2fEa64dBdB476491",1100578632,3377664,1651832895,1621881681
48529,"0x1474446e27AE004bB77bCB4B2fEa64dBdB476491",1100578632,3377664,1651832895,1621881681
12684,"0x02699A4CbbEa963D20bAf49FBB9f5204198Ae2FF",7372000000,3286826,1668767295,1619069580
12684,"0x02699A4CbbEa963D20bAf49FBB9f5204198Ae2FF",7372000000,3286826,1668767295,1619069580
60477,"0xa99Bed15Cc0AFd4fa13b0c89bc3D639E420c4Bf9",3060013019,3497355,1640946495,1625684989
60477,"0xa99Bed15Cc0AFd4fa13b0c89bc3D639E420c4Bf9",3060013019,3497355,1640946495,1625684989
60622,"0xFFc458dB291b4ABcE020fE3de4f91F2770E537b1",2238719100,3507990,1705055295,1626017988
60622,"0xFFc458dB291b4ABcE020fE3de4f91F2770E537b1",2238719100,3507990,1705055295,1626017988
58312,"0xA3E39e7045949F5d99c1C557Cac88FA3c75a429E",14964063972,3483268,1628850495,1625239754
58312,"0xA3E39e7045949F5d99c1C557Cac88FA3c75a429E",14964063972,3483268,1628850495,1625239754
8418,"0x9f4ec6e9b1358697DD79E7ef05C6DBB8f71D59Df",8367552007,3264304,1628850495,1618346051
8418,"0x9f4ec6e9b1358697DD79E7ef05C6DBB8f71D59Df",8367552007,3264304,1628850495,1618346051
42900,"0x297519a471EB4CD375a4B4ee590fE5F2126E7344",4831666238,3346125,1627640895,1620878213
42900,"0x297519a471EB4CD375a4B4ee590fE5F2126E7344",4831666238,3346125,1627640895,1620878213
48006,"0xDeb9fdB25c09E0dF251e3E033900e470a73B63f5",728569395,3358424,1640946495,1621265862
48006,"0xDeb9fdB25c09E0dF251e3E033900e470a73B63f5",728569395,3358424,1640946495,1621265862
50840,"0x74D584565DcA4Bc3a026C1cA65722e6E0097f162",18214163,3422816,1643365695,1623299637
50840,"0x74D584565DcA4Bc3a026C1cA65722e6E0097f162",18214163,3422816,1643365695,1623299637
49628,"0x1211484a0fb5811B5D07D9f3cB195B829EEc34Da",2721000000,3397415,1633688895,1622494443
49628,"0x1211484a0fb5811B5D07D9f3cB195B829EEc34Da",2721000000,3397415,1633688895,1622494443
20232,"0x23e9Fd8572E5aD4651c0A0a5436d872810DfAf02",31279949692,3329551,1632479295,1620365032
20232,"0x23e9Fd8572E5aD4651c0A0a5436d872810DfAf02",31279949692,3329551,1632479295,1620365032
48760,"0xC710Cd64Ad28511c5A706d901e758d3db9f7950E",13750173375,3385427,1630060095,1622121454
48760,"0xC710Cd64Ad28511c5A706d901e758d3db9f7950E",13750173375,3385427,1630060095,1622121454
51025,"0x41B18AF506B68EFa58f1ed6Ca92c879Bac5819b9",2783723632,3426465,1625221695,1623418263
51025,"0x41B18AF506B68EFa58f1ed6Ca92c879Bac5819b9",2783723632,3426465,1625221695,1623418263
48225,"0x5C75AE7fd74c8914Fee064E13084E934Dd7819fd",8843655482,3368885,1627640895,1621608773
48225,"0x5C75AE7fd74c8914Fee064E13084E934Dd7819fd",8843655482,3368885,1627640895,1621608773
38789,"0x725b5d353ed83137dCC89f6e4a6AD02f74c5F6D4",3609663880,3345678,1627640895,1620864487
38789,"0x725b5d353ed83137dCC89f6e4a6AD02f74c5F6D4",3609663880,3345678,1627640895,1620864487
49548,"0x717f8eCbE2eF5720F2d05e43950886D993AE74D0",2814574668,3395440,1630060095,1622432253
49548,"0x717f8eCbE2eF5720F2d05e43950886D993AE74D0",2814574668,3395440,1630060095,1622432253
48266,"0xD0add237F1cD29C58642d53c4B6A67B0bB07A7c9",239160508221,3369472,1625221695,1621627948
48266,"0xD0add237F1cD29C58642d53c4B6A67B0bB07A7c9",239160508221,3369472,1625221695,1621627948
56424,"0xCd08F23C70702893bD190CC046d005eb95b3Cf40",95800000000,3437162,1625221695,1623762794
56424,"0xCd08F23C70702893bD190CC046d005eb95b3Cf40",95800000000,3437162,1625221695,1623762794
14077,"0x57043F612bA38A1017c52BDc3F1FF8Ce6415daCe",2504283586,3316850,1627640895,1619986126
14077,"0x57043F612bA38A1017c52BDc3F1FF8Ce6415daCe",2504283586,3316850,1627640895,1619986126
62586,"0x9276D681a72163b379C7E64F92B2f9268C79938B",2506561977,3551056,1631269695,1627387226
62586,"0x9276D681a72163b379C7E64F92B2f9268C79938B",2506561977,3551056,1631269695,1627387226
61449,"0x54881c1b56e0E7a62a3f0752180036976435b891",40291000000,3519189,1631269695,1626374958
61449,"0x54881c1b56e0E7a62a3f0752180036976435b891",40291000000,3519189,1631269695,1626374958
48677,"0xE661db7B19e49087b1bc9Ad73ba1dbc51Ee910d7",285600000,3382420,1625221695,1622028469
48677,"0xE661db7B19e49087b1bc9Ad73ba1dbc51Ee910d7",285600000,3382420,1625221695,1622028469
13736,"0xFD5aF475Cd49217fC716E792ae9f270d6fA6240f",32936000000,3289691,1632479295,1619156400
13736,"0xFD5aF475Cd49217fC716E792ae9f270d6fA6240f",32936000000,3289691,1632479295,1619156400
56675,"0xACEa9Ccf23Ebdc736EFB1Dddc7D6F1737d1dDE57",32585000000,3443102,1626431295,1623956508
56675,"0xACEa9Ccf23Ebdc736EFB1Dddc7D6F1737d1dDE57",32585000000,3443102,1626431295,1623956508
56674,"0xACEa9Ccf23Ebdc736EFB1Dddc7D6F1737d1dDE57",33320000000,3443099,1626431295,1623956427
56674,"0xACEa9Ccf23Ebdc736EFB1Dddc7D6F1737d1dDE57",33320000000,3443099,1626431295,1623956427
51041,"0xcAAaba704e5bE1e557eC160217b9C71F54fb6d3A",36402218570,3427621,1705055295,1623455760
51041,"0xcAAaba704e5bE1e557eC160217b9C71F54fb6d3A",36402218570,3427621,1705055295,1623455760
49864,"0xb0c5484fa97f3c531DF49fE230ABfD511CfC17cF",5897573663,3407217,1627640895,1622806048
49864,"0xb0c5484fa97f3c531DF49fE230ABfD511CfC17cF",5897573663,3407217,1627640895,1622806048
56737,"0xf6DB812692ea1bd6bA1D117F66332c738736B556",49549164954,3445647,1633688895,1624039043
51027,"0x41B18AF506B68EFa58f1ed6Ca92c879Bac5819b9",27447448322,3426468,1626431295,1623418342
51027,"0x41B18AF506B68EFa58f1ed6Ca92c879Bac5819b9",27447448322,3426468,1626431295,1623418342
48563,"0xe19d407A10dad67c75Bb473057dC6bD1cD800170",9562448644,3377941,1628850495,1621890406
48563,"0xe19d407A10dad67c75Bb473057dC6bD1cD800170",9562448644,3377941,1628850495,1621890406
48681,"0xDc5dedF8b4f6815bB52265CbDF90E17DfBC4c5c7",285600000,3382434,1625221695,1622028990
48681,"0xDc5dedF8b4f6815bB52265CbDF90E17DfBC4c5c7",285600000,3382434,1625221695,1622028990
50751,"0x385638552E5ac8C1b9761B8C345A56a645183529",5222444915,3420804,1683282495,1623231667
50751,"0x385638552E5ac8C1b9761B8C345A56a645183529",5222444915,3420804,1683282495,1623231667
57518,"0xb3455c1b73eF70d9180C7d7789F23F980cB6C361",291016310,3464843,1625221695,1624662583
57518,"0xb3455c1b73eF70d9180C7d7789F23F980cB6C361",291016310,3464843,1625221695,1624662583
50452,"0xF717DE042875d40e81eabAc18Fd4B7B73b549c4F",97141200000,3418477,1625221695,1623157892
63006,"0x22F79F80825696164a632429F6D54dAcB00dbB4C",9012813629,3557902,1640946495,1627601831
63006,"0x22F79F80825696164a632429F6D54dAcB00dbB4C",9012813629,3557902,1640946495,1627601831
68809,"0xA7659267ecbb5Ec91a14dd3Bfdd538D3F84A8034",13917363151,3609727,1634898495,1629232777
61464,"0xDa43e8D0fc4EA3e1C278C7f81B26cb26287B1D6b",38080000000,3521058,1630060095,1626432918
61464,"0xDa43e8D0fc4EA3e1C278C7f81B26cb26287B1D6b",38080000000,3521058,1630060095,1626432918
68390,"0xD761d27A5461031F39d5dCE74fA1C3Ee79482562",2434951331,3598664,1640946495,1628886941
56550,"0xa56eF0244203728Cd8dbc32e29f8E8Fa139036c8",3315817423,3441377,1627640895,1623901691
56550,"0xa56eF0244203728Cd8dbc32e29f8E8Fa139036c8",3315817423,3441377,1627640895,1623901691
57019,"0xD166983C2102907ebABC5d31FDaA211c926A9276",11866965619,3457157,1639736895,1624413468
57019,"0xD166983C2102907ebABC5d31FDaA211c926A9276",11866965619,3457157,1639736895,1624413468
50076,"0x2B13824dDa4048D173DcC7B23397AED6eA77d3f0",14538521162,3409332,1636108095,1622872151
50076,"0x2B13824dDa4048D173DcC7B23397AED6eA77d3f0",14538521162,3409332,1636108095,1622872151
48022,"0xaDb8F994bBce44db218Dab4972f669643A6BdD6F",699540567,3362453,1703845695,1621396204
48022,"0xaDb8F994bBce44db218Dab4972f669643A6BdD6F",699540567,3362453,1703845695,1621396204
61559,"0xfe1d6DADdfC00FbDF7B2EFFDB25D5cf8138F5566",19679399999,3522452,1653042495,1626476560
61559,"0xfe1d6DADdfC00FbDF7B2EFFDB25D5cf8138F5566",19679399999,3522452,1653042495,1626476560
51511,"0x9f14191165B346B836e76a88f0DD780b95AB6663",4749126951,3434639,1632479295,1623680447
61393,"0x2E6Da9c7AF224F1f9e93696e5d4AA750Ff3BE078",753526989,3517416,1707474495,1626318572
61393,"0x2E6Da9c7AF224F1f9e93696e5d4AA750Ff3BE078",753526989,3517416,1707474495,1626318572
68155,"0x71857dB1f975866E63E1501a31F95B41Be8d56AF",27390000000,3592142,1638527295,1628681033
49288,"0x5146B4078418A30730aa6627AE5af69EB8b675fE",173599999433,3378118,1642156095,1621895885
49288,"0x5146B4078418A30730aa6627AE5af69EB8b675fE",173599999433,3378118,1642156095,1621895885
48200,"0xfCDd4a29B7766498E95f85C46387a170eDAf5Cd6",820000000,3368529,1653042495,1621597049
48200,"0xfCDd4a29B7766498E95f85C46387a170eDAf5Cd6",820000000,3368529,1653042495,1621597049
8982,"0xA152eB75Aa843F5B3ed32BB21991F740EfB97e36",259232646,3275820,1643365695,1618722551
8982,"0xA152eB75Aa843F5B3ed32BB21991F740EfB97e36",259232646,3275820,1643365695,1618722551
62328,"0x0A748239B04ee94F89cE915a5DA44B97CBFeE656",792001882,3535672,1706264895,1626897467
66178,"0x792AE333B0CaEf395843d80c7Db46B575E67CfFf",24752000000,3531867,1630060095,1626776644
66178,"0x792AE333B0CaEf395843d80c7Db46B575E67CfFf",24752000000,3531867,1630060095,1626776644
49668,"0x82c5211BF421031ADA518641CFd595a568224DcE",3560000000,3401832,1696588095,1622637411
48676,"0x281d877a39D1921AA451411AC5E0F2262014E843",285600000,3382401,1625221695,1622027970
48676,"0x281d877a39D1921AA451411AC5E0F2262014E843",285600000,3382401,1625221695,1622027970
60657,"0x70cc547Fb45f09d8D0F1736151675edeD909278B",2669452384,3510646,1640946495,1626102841
60657,"0x70cc547Fb45f09d8D0F1736151675edeD909278B",2669452384,3510646,1640946495,1626102841
56970,"0x14627acd7E1873f061f40093685489D80A242DBc",101095323705,3455877,1633688895,1624372155
56970,"0x14627acd7E1873f061f40093685489D80A242DBc",101095323705,3455877,1633688895,1624372155
61844,"0x138d2eAa9014E8F675b3a4B17e3cea3c0EBF17e0",11568000000,3521371,1627640895,1626442824
61844,"0x138d2eAa9014E8F675b3a4B17e3cea3c0EBF17e0",11568000000,3521371,1627640895,1626442824
57868,"0x2E9cf81d84eE0beFd02171ce2b15607389A12E2C",1253068963,3474398,1653042495,1624966369
57868,"0x2E9cf81d84eE0beFd02171ce2b15607389A12E2C",1253068963,3474398,1653042495,1624966369
48680,"0xccdF9dCf73B4c6DdFBba536C84F4DB780803BA51",281100000,3382434,1627640895,1622028990
48680,"0xccdF9dCf73B4c6DdFBba536C84F4DB780803BA51",281100000,3382434,1627640895,1622028990
7910,"0xD297cCE57DAf1e86179EAE9C2b68b01a3Ce75F6f",6853430566,3264255,1642156095,1618344102
7910,"0xD297cCE57DAf1e86179EAE9C2b68b01a3Ce75F6f",6853430566,3264255,1642156095,1618344102
58195,"0xf75F71B3fdC5cbe8756da9FDb1f90a2CB3F78538",29572617251,3479588,1628850495,1625127344
58195,"0xf75F71B3fdC5cbe8756da9FDb1f90a2CB3F78538",29572617251,3479588,1628850495,1625127344
48708,"0x667De4BE131e3D09522Ff9A2c6f7992c9A2139cB",285600000,3382726,1625221695,1622037806
48708,"0x667De4BE131e3D09522Ff9A2c6f7992c9A2139cB",285600000,3382726,1625221695,1622037806
68524,"0x722FEAb91c7484C66DA25251b40E63254ccC4663",1810194686,3601394,1626431295,1628971633
66179,"0xE3F02EaE02bca135cAcFf315FC9c1C99F9769b10",24596000000,3531867,1631269695,1626776644
66179,"0xE3F02EaE02bca135cAcFf315FC9c1C99F9769b10",24596000000,3531867,1631269695,1626776644
56567,"0xCa3289529ae8E97F96e88C2eB50BA09CF24c429a",173993426458,3442977,1648204095,1623952278
56567,"0xCa3289529ae8E97F96e88C2eB50BA09CF24c429a",173993426458,3442977,1648204095,1623952278
57019,"0xD166983C2102907ebABC5d31FDaA211c926A9276",11866965619,3457157,1640946495,1624413468
57019,"0xD166983C2102907ebABC5d31FDaA211c926A9276",11866965619,3457157,1640946495,1624413468
48041,"0xB65696bE7692F0245Ca15896D1A18335A7984800",13406306286,3363470,1628850495,1621429398
48041,"0xB65696bE7692F0245Ca15896D1A18335A7984800",13406306286,3363470,1628850495,1621429398
14108,"0xD0653ac43894DA48111F6ba2cE13c5FE520fF0Fa",176765155058,3319185,1627640895,1620055318
14108,"0xD0653ac43894DA48111F6ba2cE13c5FE520fF0Fa",176765155058,3319185,1627640895,1620055318
49677,"0xa8286Ab299D2F115F0c998dDaa8b286eFc6A3E07",20290159105,3404420,1639736895,1622720110
49677,"0xa8286Ab299D2F115F0c998dDaa8b286eFc6A3E07",20290159105,3404420,1639736895,1622720110
56829,"0xd056DB7D723D6069A5da9975d35956661eC57422",103974214,3450388,1640946495,1624190325
56829,"0xd056DB7D723D6069A5da9975d35956661eC57422",103974214,3450388,1640946495,1624190325
24420,"0x8Cc4F1e23c34e5FD21107E46E21E8558f69B635F",61668665344,3330732,1649413695,1620400833
24420,"0x8Cc4F1e23c34e5FD21107E46E21E8558f69B635F",61668665344,3330732,1649413695,1620400833
50493,"0x73d2f0ca4304DB9C9be7fF0c9C3523AD6adC41aB",450757148,3419549,1628850495,1623191525
50493,"0x73d2f0ca4304DB9C9be7fF0c9C3523AD6adC41aB",450757148,3419549,1628850495,1623191525
48366,"0x1c60D3E6b341f86439c32de4923152722A2d2713",14190000000,3374776,1626431295,1621792353
48366,"0x1c60D3E6b341f86439c32de4923152722A2d2713",14190000000,3374776,1626431295,1621792353
28519,"0x12ea181F95cFb843C1f6986bC81a8EefD607757A",11262287407,3340519,1625221695,1620703384
28519,"0x12ea181F95cFb843C1f6986bC81a8EefD607757A",11262287407,3340519,1625221695,1620703384
8693,"0x48dE8Cd7F7fAE1630be0C909Ad29744ED039F2A1",850000000,3266728,1642156095,1618428441
8693,"0x48dE8Cd7F7fAE1630be0C909Ad29744ED039F2A1",850000000,3266728,1642156095,1618428441
24342,"0x0fe11130B1819e2E3E5e5308b9EA16fFDa2032a6",788311390,3332676,1640946495,1620463243
24342,"0x0fe11130B1819e2E3E5e5308b9EA16fFDa2032a6",788311390,3332676,1640946495,1620463243
48143,"0xB15706A164f753462340D0253cA3E7BD1e45FAf2",3856208849,3366461,1628850495,1621531851
48143,"0xB15706A164f753462340D0253cA3E7BD1e45FAf2",3856208849,3366461,1628850495,1621531851
51483,"0xC51F7bC0786B40D70A32F5A87CEF638d8281E54c",374481160,3431993,1627640895,1623595299
51483,"0xC51F7bC0786B40D70A32F5A87CEF638d8281E54c",374481160,3431993,1627640895,1623595299
57501,"0x15FFe1327ce436c5449692481b3B5E06477A861E",2628500000,3463920,1678444095,1624633075
57501,"0x15FFe1327ce436c5449692481b3B5E06477A861E",2628500000,3463920,1678444095,1624633075
